System Name,Depth of Well (ft),Static Water Level (ft),Active
RIO LUCIO MDWCA,142.0,23.0,-1
RIO LUCIO MDWCA,168.0,40.0,-1
LLANO QUEMADO MDWCA,250.0,94.0,-1
QUEMADO LAKE WATER ASSOCIATION,95.0,28.0,-1
QUEMADO LAKE WATER ASSOCIATION,134.0,29.0,-1
RIO BRAVO CAMPGROUND (BLM),120.0,26.0,-1
EL PRADO WATER & SANITATION DISTRICT,500.0,19.5,-1
EL PRADO WATER & SANITATION DISTRICT,1125.0,25.0,-1
MELROSE BOMBING RANGE,200.0,165.0,-1
FORT CRAIG REST AREA  EAST SIDE,300.0,260.0,-1
LOS ALAMOS MUNICIPAL WATER SYSTEM,2499.0,753.0,-1
LOS ALAMOS MUNICIPAL WATER SYSTEM,2600.0,868.0,-1
LOS ALAMOS MUNICIPAL WATER SYSTEM,2552.0,771.0,-1
LOS ALAMOS MUNICIPAL WATER SYSTEM,3092.0,1241.0,-1
LOS ALAMOS MUNICIPAL WATER SYSTEM,2617.0,755.0,-1
LOS ALAMOS MUNICIPAL WATER SYSTEM,2000.0,318.0,-1
LOS ALAMOS MUNICIPAL WATER SYSTEM,2497.0,691.1,-1
LOS ALAMOS MUNICIPAL WATER SYSTEM,2037.0,400.0,-1
LOS ALAMOS MUNICIPAL WATER SYSTEM,2045.0,472.0,-1
LOS ALAMOS MUNICIPAL WATER SYSTEM,2040.0,554.0,-1
BOOTHILL RV PARK,290.0,210.0,-1
ADMIRAL BEVERAGE CORPORATION,706.0,550.0,-1
SANTA FE GIRLS SCHOOL,360.0,130.0,-1
"SACRAMENTO CAMP CONFERENCE CENTER, INC",176.0,87.0,-1
VIRDEN WATER SYSTEM,300.0,18.0,-1
LA FONDA HOTEL,145.0,60.0,-1
VALLEY ESTATES WATER & SEWER ASSOCIATION,440.0,42.2,-1
COYOTE MDWCA,40.0,20.0,-1
THAXTON REST AREA,24.0,14.0,-1
PLATEAU TELECOMMUNICATIONS INC.,420.0,380.0,-1
PLATEAU TELECOMMUNICATIONS INC.,493.0,380.0,-1
BONITA PARK NAZARENE CONFERENCE CENTER,450.0,35.0,-1
LOWER RIO GRANDE PWWA VALLE DEL RIO,200.0,12.0,-1
LOWER RIO GRANDE PWWA VALLE DEL RIO,203.0,13.0,-1
PINEYWOODS ESTATES WATER ASSOCIATION,540.0,400.0,-1
COLUMBUS WATER SYSTEM,832.0,138.0,-1
COLUMBUS WATER SYSTEM,400.0,91.0,-1
MOQUINO WATER SYSTEM,550.0,200.0,-1
CAMP TALL PINES,425.0,50.0,-1
MALAGA MDWC  SWA,230.0,102.0,-1
FORT SELDEN HISTORIC SITE,230.0,19.0,-1
MONTICELLO RV PARK,250.0,76.0,-1
TIJERAS (VILLAGE OF),400.0,60.0,-1
TIJERAS (VILLAGE OF),250.0,83.0,-1
TIJERAS (VILLAGE OF),512.0,41.0,-1
PHILMONT SCOUT RANCH - BENT OUTCAMP,102.0,30.0,-1
MOUNTAIN VIEW MOBILE HOME PARK,120.0,20.0,-1
WILD WILLYS RV PARK,200.0,100.0,-1
TUCUMCARI WATER SYSTEM,385.0,204.0,-1
TUCUMCARI WATER SYSTEM,390.0,221.0,-1
TUCUMCARI WATER SYSTEM,320.0,218.0,-1
TUCUMCARI WATER SYSTEM,300.0,77.0,-1
TUCUMCARI WATER SYSTEM,364.0,159.0,-1
TUCUMCARI WATER SYSTEM,390.0,56.0,-1
TUCUMCARI WATER SYSTEM,330.0,68.0,-1
TUCUMCARI WATER SYSTEM,348.0,231.0,-1
TUCUMCARI WATER SYSTEM,331.0,107.0,-1
TUCUMCARI WATER SYSTEM,320.0,67.0,-1
TIERRA AMARILLA MDWCA,70.0,28.0,-1
TIERRA AMARILLA MDWCA,87.0,18.0,-1
TIERRA AMARILLA MDWCA,68.0,18.0,-1
CHAMISAL MDWCA,300.0,45.0,-1
BICENTENNIAL REST AREA,265.0,8.0,-1
TRUCHAS MDWCA,380.0,250.0,-1
BLUEWATER ACRES WUA,235.0,102.0,-1
LOS OJOS MDWCA,100.0,10.0,-1
COOK CANYON RANCH,520.0,370.0,-1
COOK CANYON RANCH,470.0,320.0,-1
ZUZAX FILL STATION,240.0,200.0,-1
SHIRK MOBILE HOME PARK,120.0,50.0,-1
NOGAL MDWCA,300.0,24.0,-1
NEW MEXICO BOYS AND GIRLS RANCH,258.0,22.0,-1
CIELO LINDO,200.0,20.0,-1
CIELO LINDO,66.0,20.0,-1
SOUTHWESTERN COLLEGE,535.0,335.0,-1
TEXICO WATER SYSTEM,392.0,272.0,-1
TEXICO WATER SYSTEM,392.0,272.0,-1
TEXICO WATER SYSTEM,389.0,293.0,-1
SEBOYETA WATER SYSTEM,950.0,460.0,-1
SEBOYETA WATER SYSTEM,860.0,390.0,-1
SANDIA PEAK UTILITY,800.0,361.0,-1
SANDIA PEAK UTILITY,603.0,334.0,-1
SANDIA PEAK UTILITY,800.0,415.0,-1
OLIVER LEE STATE PARK,414.0,233.0,-1
TIMBERON W AND SD,1200.0,670.0,-1
VILLAGE PLAZA,278.0,52.0,-1
PECAN PARK MDWCA,305.0,120.0,-1
PECAN PARK MDWCA,305.0,113.5,-1
ROSWELL MUNICIPAL WATER SYSTEM,530.0,169.0,-1
ROSWELL MUNICIPAL WATER SYSTEM,665.0,154.0,-1
ROSWELL MUNICIPAL WATER SYSTEM,546.0,158.0,-1
ROSWELL MUNICIPAL WATER SYSTEM,448.0,173.0,-1
ROSWELL MUNICIPAL WATER SYSTEM,563.0,174.0,-1
ROSWELL MUNICIPAL WATER SYSTEM,344.0,85.0,-1
ROSWELL MUNICIPAL WATER SYSTEM,348.0,80.0,-1
ROSWELL MUNICIPAL WATER SYSTEM,365.0,99.0,-1
ROSWELL MUNICIPAL WATER SYSTEM,363.0,124.0,-1
ROSWELL MUNICIPAL WATER SYSTEM,346.0,81.0,-1
ROSWELL MUNICIPAL WATER SYSTEM,850.0,105.0,-1
ROSWELL MUNICIPAL WATER SYSTEM,680.0,217.0,-1
ROSWELL MUNICIPAL WATER SYSTEM,702.0,169.0,-1
ROSWELL MUNICIPAL WATER SYSTEM,1200.0,140.0,-1
ROSWELL MUNICIPAL WATER SYSTEM,590.0,105.0,-1
ROSWELL MUNICIPAL WATER SYSTEM,346.0,144.0,-1
ROSWELL MUNICIPAL WATER SYSTEM,409.0,118.0,-1
ROSWELL MUNICIPAL WATER SYSTEM,595.0,256.0,-1
ROSWELL MUNICIPAL WATER SYSTEM,650.0,251.0,-1
HOBBS MUNICIPAL WATER SUPPLY,190.0,41.0,-1
HOBBS MUNICIPAL WATER SUPPLY,192.0,73.0,-1
HOBBS MUNICIPAL WATER SUPPLY,169.0,79.0,-1
HOBBS MUNICIPAL WATER SUPPLY,151.0,77.0,-1
HOBBS MUNICIPAL WATER SUPPLY,170.0,67.0,-1
HOBBS MUNICIPAL WATER SUPPLY,250.0,72.0,-1
HOBBS MUNICIPAL WATER SUPPLY,243.0,67.0,-1
HOBBS MUNICIPAL WATER SUPPLY,195.0,132.0,-1
HOBBS MUNICIPAL WATER SUPPLY,212.0,94.0,-1
HOBBS MUNICIPAL WATER SUPPLY,215.0,125.0,-1
HOBBS MUNICIPAL WATER SUPPLY,212.0,131.0,-1
HOBBS MUNICIPAL WATER SUPPLY,208.0,134.0,-1
HOBBS MUNICIPAL WATER SUPPLY,227.0,125.0,-1
HOBBS MUNICIPAL WATER SUPPLY,227.0,133.0,-1
HOBBS MUNICIPAL WATER SUPPLY,231.0,127.0,-1
HOBBS MUNICIPAL WATER SUPPLY,202.0,136.0,-1
HOBBS MUNICIPAL WATER SUPPLY,233.0,157.0,-1
HOBBS MUNICIPAL WATER SUPPLY,221.0,163.0,-1
HOBBS MUNICIPAL WATER SUPPLY,221.0,162.0,-1
HOBBS MUNICIPAL WATER SUPPLY,222.0,137.0,-1
HOBBS MUNICIPAL WATER SUPPLY,230.0,165.0,-1
HOBBS MUNICIPAL WATER SUPPLY,240.0,147.0,-1
HOBBS MUNICIPAL WATER SUPPLY,208.0,105.0,-1
HOBBS MUNICIPAL WATER SUPPLY,183.0,113.0,-1
HOBBS MUNICIPAL WATER SUPPLY,181.0,127.0,-1
HOBBS MUNICIPAL WATER SUPPLY,240.0,101.0,-1
HOBBS MUNICIPAL WATER SUPPLY,218.0,74.0,-1
HOBBS MUNICIPAL WATER SUPPLY,223.0,88.0,-1
LEA COUNTY ELECTRIC COOPERATIVE INC,138.0,72.0,-1
SANTA CRUZ WATER ASSOCIATION,400.0,118.0,-1
DONA ANA RANGE CAMP-FEDERAL FACILITY,1110.0,342.0,-1
DONA ANA RANGE CAMP-FEDERAL FACILITY,806.0,349.0,-1
SILVER CLOUD WATER ASSOCIATION,335.0,275.0,-1
SPRING CANYON RANCH,1095.0,712.0,-1
SPRING CANYON RANCH,1000.0,727.0,-1
CUMBERLAND COOPERATIVE WUA,850.0,110.0,-1
CANON PLAZA MDWCA,207.0,107.0,-1
HOMESTEAD WATER COMPANY,220.0,185.0,-1
SAN JUAN MDWCA,222.0,120.0,-1
SAN JUAN MDWCA,220.0,180.0,-1
EDGEWOOD ELEMENTARY SCHOOL,600.0,250.0,-1
EDGEWOOD ELEMENTARY SCHOOL,600.0,329.0,-1
GRADY WATER SYSTEM,230.0,145.0,-1
GRADY WATER SYSTEM,230.0,145.0,-1
GRADY WATER SYSTEM,220.0,145.0,-1
VALLEY ELEMENTARY AND MIDDLE SCHOOL,850.0,85.0,-1
TRES PIEDRAS MDWCA,190.0,140.0,-1
TRES PIEDRAS MDWCA,570.0,172.0,-1
HOFHEINS/MARCEL THOMAS ASSOC COOP INC,200.0,19.22,-1
ELEPHANT BUTTE WATER SYSTEM,327.0,150.0,-1
ELEPHANT BUTTE WATER SYSTEM,327.0,190.0,-1
LONE TREE BIBLE RANCH,1000.0,770.0,-1
CAMINO REAL REGIONAL UTILITY AUTHORITY,410.0,151.0,-1
CAMINO REAL REGIONAL UTILITY AUTHORITY,573.0,272.0,-1
CAMINO REAL REGIONAL UTILITY AUTHORITY,600.0,336.0,-1
CAMINO REAL REGIONAL UTILITY AUTHORITY,600.0,330.0,-1
CAMINO REAL REGIONAL UTILITY AUTHORITY,570.0,320.0,-1
CAMINO REAL REGIONAL UTILITY AUTHORITY,618.0,306.0,-1
CAMINO REAL REGIONAL UTILITY AUTHORITY,700.0,340.0,-1
INTREPID POTASH  EAST,230.0,140.0,-1
INTREPID POTASH  EAST,240.0,188.0,-1
INTREPID POTASH  EAST,240.0,140.0,-1
INTREPID POTASH  EAST,235.0,142.0,-1
INTREPID POTASH  EAST,225.0,200.0,-1
INTREPID POTASH  EAST,245.0,168.0,-1
INTREPID POTASH  EAST,232.0,130.0,-1
INTREPID POTASH  EAST,240.0,140.0,-1
MANZANO MOUNTAIN STATE PARK,137.0,48.75,-1
DORA WATER SYSTEM,204.0,106.0,-1
DORA WATER SYSTEM,140.0,107.0,-1
PHILMONT SCOUT RANCH - HEAD OF DEAN OC,97.0,35.0,-1
BELEN WATER SYSTEM,500.0,91.0,-1
BELEN WATER SYSTEM,504.0,157.0,-1
BELEN WATER SYSTEM,600.0,144.0,-1
BELEN WATER SYSTEM,730.0,95.0,-1
BELEN WATER SYSTEM,505.0,57.0,-1
BELEN WATER SYSTEM,580.0,67.0,-1
GIL SANCHEZ ELEMENTARY,270.0,2.0,-1
TORREON MDWCA,175.0,50.0,-1
YUCCA REST AREA-STATE HWY DEPT,350.0,100.0,-1
ESTANCIA WATER SYSTEM,280.0,79.0,-1
ESTANCIA WATER SYSTEM,407.0,124.0,-1
ESTANCIA WATER SYSTEM,400.0,106.0,-1
COAL BASIN DWUA,1515.0,705.0,-1
WHITE CLIFFS MDWUA,360.0,52.3,-1
WHITE CLIFFS MDWUA,360.0,42.0,-1
WHITE CLIFFS MDWUA,361.0,45.0,-1
GALISTEO MDWCA,120.0,20.0,-1
SAN RAFAEL WATER & SANITATION DISTRICT,150.0,60.0,-1
SAN RAFAEL WATER & SANITATION DISTRICT,185.0,30.0,-1
LAS COLONIAS MHP,200.0,60.0,-1
VISTA REDONDA MDWCA,650.0,317.0,-1
VISTA REDONDA MDWCA,950.0,452.0,-1
VISTA REDONDA MDWCA,424.0,240.0,-1
VISTA REDONDA MDWCA,905.0,386.0,-1
VISTA REDONDA MDWCA,546.0,275.0,-1
LA VISTA HOMEOWNERS ASSOCIATION,290.0,67.0,-1
LA VISTA HOMEOWNERS ASSOCIATION,500.0,60.0,-1
WILD RIVERS HEADQUARTERS (BLM),546.0,487.0,-1
LITTLE CREEK RV PARK,40.0,20.0,-1
GUADALUPE CHRISTIAN CAMP,872.0,151.0,-1
MOONGATE WATER SYSTEM,620.0,480.0,-1
MOONGATE WATER SYSTEM,702.0,560.0,-1
MOONGATE WATER SYSTEM,600.0,375.0,-1
MOONGATE WATER SYSTEM,735.0,544.0,-1
MOONGATE WATER SYSTEM,700.0,480.0,-1
MOONGATE WATER SYSTEM,800.0,475.0,-1
MOONGATE WATER SYSTEM,554.0,330.0,-1
WEST RIM MDWUA,734.0,440.0,-1
EL RANCHO MHP TAOS,290.0,220.0,-1
EL RANCHO MHP TAOS,400.0,280.0,-1
LOWER RIO GRANDE PWWA HIGH VALLEY,530.0,340.0,-1
WINTERHAVEN MDWC AND SWA,560.0,20.0,-1
BOWLINS AKELA TRADING POST,250.0,99.0,-1
GLORIETA EAST WATER SUPPLY,315.0,74.7,-1
HOLLY GARDEN MHP,300.0,77.0,-1
LOVES TRAVEL CENTER AND COOKS RESTAURANT,375.0,75.0,-1
TALL PINES RESORT,70.0,65.0,-1
BLUEWATER STATE PARK STONE RIDGE,140.0,80.0,-1
XCEL ENERGY SPS CUNNINGHAM STATION,190.0,62.8,-1
CEDAR HILLS CHURCH OF THE CROSS,450.0,112.0,-1
BONITO HOLLOW RV PARK AND CAMPGROUND,242.0,18.0,-1
GREATER CHIMAYO MDWCA,47.0,7.0,-1
GREATER CHIMAYO MDWCA,60.0,7.0,-1
THOREAU WATER & SANITATION DISTRICT,1370.0,220.0,-1
THOREAU WATER & SANITATION DISTRICT,1120.0,151.0,-1
DEMING MUNICIPAL WATER SYSTEM,567.0,137.0,-1
DEMING MUNICIPAL WATER SYSTEM,493.0,135.0,-1
DEMING MUNICIPAL WATER SYSTEM,400.0,110.0,-1
DEMING MUNICIPAL WATER SYSTEM,400.0,110.0,-1
DEMING MUNICIPAL WATER SYSTEM,500.0,115.0,-1
DEMING MUNICIPAL WATER SYSTEM,500.0,155.0,-1
DEMING MUNICIPAL WATER SYSTEM,500.0,110.0,-1
DEMING MUNICIPAL WATER SYSTEM,525.0,115.0,-1
DEMING MUNICIPAL WATER SYSTEM,1500.0,118.0,-1
ALONG THE RIVER RV CAMP,280.0,70.0,-1
VAL VERDE 5 PROPERTY OWNERS ASSOCIATION,150.0,30.0,-1
VAL VERDE 5 PROPERTY OWNERS ASSOCIATION,148.0,22.0,-1
VAL VERDE 5 PROPERTY OWNERS ASSOCIATION,530.0,190.0,-1
SKP RV PARK,145.0,78.0,-1
SKP RV PARK,140.0,90.0,-1
MORA VALLEY COMMUNITY HEALTH CLINIC,210.0,70.0,-1
AMALIA COSTILLA COMMUNITY CENTER,480.0,225.0,-1
PECOS NATIONAL HISTORIC PARK VISITOR CNT,347.0,60.0,-1
BROKEN ARROW BIBLE RANCH,485.0,160.0,-1
EL PATIO MHP #2,300.0,80.0,-1
SAN MIGUEL DEL VADO MDWCA,400.0,13.0,-1
VERMEJO PARK LLC COSTILLA,425.0,318.0,-1
EAST PECOS MDWCA,120.0,28.0,-1
EAST PECOS MDWCA,300.0,175.0,-1
ORCHARD ESTATES FLMDWC & SW,270.0,32.0,-1
LAKE SUMNER STATE PARK 2,202.0,33.5,-1
NORTH EAST CHURCH OF CHRIST,710.0,460.0,-1
BOLES ACRES WATER SYSTEM,250.0,80.0,-1
BOLES ACRES WATER SYSTEM,200.0,80.0,-1
PILOT TRAVEL CENTER #1106,380.0,112.0,-1
FORT BURGWIN RESEARCH CENTER,42.0,16.0,-1
FORT BURGWIN RESEARCH CENTER,82.0,15.0,-1
EAGLE CREEK SHELL CONVENIENCE STORE,260.0,14.0,-1
POJOAQUE VALLEY LITTLE LEAGUE FIELD,150.0,15.0,-1
MONUMENT MDWCA,150.0,50.0,-1
GUADALAJARA SOUTH,100.0,70.0,-1
VISTA REAL MHP,515.0,135.0,-1
VISTA REAL MHP,520.0,135.0,-1
OAKLAND HEIGHTS HOMEOWNERS ASSOCIATION,860.0,680.0,-1
MORA INN AND RV PARK,72.0,30.0,-1
WEED WATER USERS ASSOCIATION,400.0,350.0,-1
WEED WATER USERS ASSOCIATION,357.0,297.0,-1
PILAR CAMPGROUND (BLM),100.0,32.0,-1
ESPANOLA WATER SYSTEM,188.0,21.0,-1
ESPANOLA WATER SYSTEM,725.0,210.0,-1
ESPANOLA WATER SYSTEM,750.0,356.0,-1
ESPANOLA WATER SYSTEM,700.0,295.0,-1
ESPANOLA WATER SYSTEM,460.0,430.0,-1
SANTA FE WATER SYSTEM (CITY OF),740.0,179.0,-1
SANTA FE WATER SYSTEM (CITY OF),746.0,410.0,-1
SANTA FE WATER SYSTEM (CITY OF),1200.0,387.0,-1
SANTA FE WATER SYSTEM (CITY OF),1593.0,280.0,-1
SANTA FE WATER SYSTEM (CITY OF),1225.0,432.0,-1
SANTA FE WATER SYSTEM (CITY OF),1190.0,205.0,-1
SANTA FE WATER SYSTEM (CITY OF),951.0,275.0,-1
SANTA FE WATER SYSTEM (CITY OF),1415.0,266.0,-1
SANTA FE WATER SYSTEM (CITY OF),750.0,300.0,-1
SANTA FE WATER SYSTEM (CITY OF),800.0,282.0,-1
SANTA FE WATER SYSTEM (CITY OF),1230.0,215.0,-1
SANTA FE WATER SYSTEM (CITY OF),770.0,100.0,-1
SANTA FE WATER SYSTEM (CITY OF),910.0,37.0,-1
SANTA FE WATER SYSTEM (CITY OF),1500.0,365.0,-1
SANTA FE WATER SYSTEM (CITY OF),2000.0,450.0,-1
SANTA FE WATER SYSTEM (CITY OF),2016.0,332.0,-1
SANTA FE WATER SYSTEM (CITY OF),1930.0,239.0,-1
SANTA FE WATER SYSTEM (CITY OF),2018.0,296.72,-1
SANTA FE WATER SYSTEM (CITY OF),1363.0,610.0,-1
SANTA FE WATER SYSTEM (CITY OF),2020.0,271.0,-1
ALTO NORTH WATER COOP,200.0,75.0,-1
LINCOLN HILLS WATER CO-OP,425.0,344.0,-1
LINCOLN HILLS WATER CO-OP,1550.0,1029.0,-1
VILLAGE OF ANGEL FIRE,317.0,140.0,-1
VILLAGE OF ANGEL FIRE,320.0,65.0,-1
VILLAGE OF ANGEL FIRE,635.0,120.0,-1
CEDAR CREEK MUTUAL WATER CONSUMERS ASSOC,225.0,60.0,-1
CEDAR CREEK MUTUAL WATER CONSUMERS ASSOC,200.0,20.0,-1
CEDAR CREEK MUTUAL WATER CONSUMERS ASSOC,575.0,101.0,-1
GALLINA WATER SYSTEM,240.0,5.0,-1
LOWER ARROYO HONDO MDWCA,175.0,60.0,-1
PERCHA DAM STATE PARK,260.0,60.0,-1
CAJA DEL ORO ROAD PUBLIC WATER SYSTEM,600.0,430.0,-1
BIBO MUTUAL DOMESTIC WATER ASSOC,600.0,223.0,-1
NORTH SAN YSIDRO MDWCA,379.0,150.0,-1
LA LOMITA TRAILER PARK,110.0,30.0,-1
CHAMITA MDWCA,530.0,85.0,-1
LOGAN WATER SYSTEM,340.0,123.0,-1
LOGAN WATER SYSTEM,285.0,98.0,-1
LOGAN WATER SYSTEM,404.0,105.0,-1
LOGAN WATER SYSTEM,400.0,108.0,-1
RIO VALLEY ENTERPRISES,120.0,30.0,-1
SIERRA LOS PINOS HOA,400.0,294.0,-1
SIERRA LOS PINOS HOA,350.0,196.0,-1
LAS ALTURAS ESTATES (LCU),350.0,73.0,-1
COSTILLA MDWCA,222.0,114.0,-1
COSTILLA MDWCA,180.0,114.0,-1
ARTISAN CENTER OF CORRALES,256.0,190.0,-1
SOCORRO WATER SYSTEM,225.0,73.0,-1
SOCORRO WATER SYSTEM,515.0,261.0,-1
SOCORRO WATER SYSTEM,1050.0,200.0,-1
USFS CIMARRON CG/SHUREE PONDS,210.0,12.0,-1
TALPA MDWCA,300.0,175.0,-1
TALPA MDWCA,150.0,36.0,-1
TALPA MDWCA,73.0,25.0,-1
TALPA MDWCA,75.0,15.0,-1
BRAZOS MDWCA,380.0,150.0,-1
BRAZOS MDWCA,600.0,200.0,-1
SKI APACHE,120.0,100.0,-1
SKI APACHE,140.0,100.0,-1
LA JOYA MDWCA,300.0,120.0,-1
DESERT PALMS MOBILE HOME PARK,197.0,18.0,-1
DESERT PALMS MOBILE HOME PARK,211.0,26.0,-1
SILVER SADDLE MOTEL,500.0,200.0,-1
ENCHANTED TRAILS CAMPGROUND,1062.0,882.0,-1
GREENFIELD MDWCA,990.0,212.0,-1
ALLSUPS 165,175.0,6.0,-1
LA PASADA MDWCA,114.0,36.0,-1
JOY JUNCTION,98.0,36.0,-1
VALLE ESCONDIDO HOMEOWNERS ASSOCIATION,382.0,15.0,-1
ANIMAS SCHOOL SYSTEM,486.0,120.0,-1
ANIMAS SCHOOL SYSTEM,300.0,169.0,-1
VERY LARGE ARRAY VLA,401.0,179.0,-1
PLACITAS COMMUNITY LIBRARY,220.0,140.0,-1
SANTA CLARA WATER SYSTEM,555.0,86.0,-1
SANTA CLARA WATER SYSTEM,515.0,83.0,-1
SIERRA VISTA SOUTH WATER COOP,290.0,100.0,-1
SIERRA VISTA SOUTH WATER COOP,320.0,65.0,-1
EL ANCON MDWCA,100.0,5.0,-1
PHILMONT SCOUT RANCH - PUEBLANO OUTCAMP,60.0,16.0,-1
TRES PIEDRAS HEADQUARTER USFS CARSON,300.0,200.0,-1
GREATER GLORIETA REGIONAL MDC,500.0,104.9,-1
CUNDIYO MDWCA,398.0,147.0,-1
CUNDIYO MDWCA,425.0,196.0,-1
RIO EN MEDIO MDWCA,146.0,60.0,-1
CASA SAN YSIDRO,126.0,30.0,-1
SOUTH SAN YSIDRO MDWCA,200.0,60.0,-1
PILAR YACHT CLUB & CAFE,75.0,60.0,-1
STONEHOUSE LODGE,690.0,96.0,-1
ABUELITA'S,302.0,10.0,-1
ALTO MOUNTAIN VILLAGE,1000.0,285.0,-1
EL MORRO NATIONAL MONUMENT,283.0,116.0,-1
EL SALTO MDWCA AND SA,300.0,60.0,-1
TRAILER RANCH SENIOR MOBILE HOME COMMUN.,360.0,116.0,-1
RIVERSIDE MDWA,1200.0,300.0,-1
SITTING BULL FALLS AREA  LINCOLN  USFS,112.0,83.0,-1
PHILMONT SCOUT RANCH - CYPHERS MINE OC,300.0,128.0,-1
ROBINHOOD WATER USERS ASSOCIATION,422.0,265.0,-1
LEISURE MOUNTAIN MHP,480.0,460.0,-1
PHILMONT SCOUT RANCH - APACHE SPRINGS OC,295.0,150.0,-1
PHILMONT SCOUT RANCH - BEAUBIEN OUTCAMP,100.0,5.0,-1
CHIMAYO ELEMENTARY SCHOOL,120.0,52.0,-1
ELK RUN RV RESORT,280.0,60.0,-1
SUNRISE SPRINGS INTEGRATIVE WELLNESS RES,65.0,34.0,-1
QUAIL RIDGE,275.0,43.0,-1
QUAIL RIDGE,275.0,45.0,-1
UNION DEL LLANO MDWCA,210.0,55.0,-1
HATCH WATER SUPPLY SYSTEM,700.0,165.0,-1
HATCH WATER SUPPLY SYSTEM,380.0,160.0,-1
PONDEROSA PINES PROPERTY OWNERS ASSOC,375.0,200.0,-1
PONDEROSA PINES PROPERTY OWNERS ASSOC,380.0,200.0,-1
TATUM MUNICIPAL WATER SYSTEM,85.0,29.0,-1
TATUM MUNICIPAL WATER SYSTEM,87.0,29.0,-1
TATUM MUNICIPAL WATER SYSTEM,94.0,26.0,-1
PECOS DAIRY QUEEN,268.0,100.0,-1
FORT STANTON HISTORIC SITE,300.0,208.0,-1
DESERT VILLAGE RV & MOBILE HOME PARK,377.0,320.0,-1
LA MARIPOSA MONTESSORI SCHOOL,365.0,93.0,-1
FOUR SEASONS RESORT RANCHO ENCANTADO,616.0,181.0,-1
FOUR SEASONS RESORT RANCHO ENCANTADO,725.0,230.0,-1
"TAOS TENNIS RANCH, LLC",90.0,40.0,-1
ESCALANTE HIGH SCHOOL,120.0,20.0,-1
CHEVRON MINING INC QUESTA MINE,130.0,80.0,-1
CHEVRON MINING INC QUESTA MINE,88.0,35.0,-1
EL SEGUNDO SITE,2796.0,271.0,-1
VINTON CONGREGATION OF JEHOVAH WITNESS,400.0,6.0,-1
TAOS SPA AND TENNIS CLUB,150.0,80.0,-1
QUARAI UNIT - SALINAS PUEBLO MISSIONS,98.0,16.0,-1
BOSQUE FARMS WATER SUPPLY SYSTEM,920.0,5.0,-1
BOSQUE FARMS WATER SUPPLY SYSTEM,900.0,17.0,-1
SPA AND CUISINE,180.0,7.0,-1
CLINES CORNERS WATER SYSTEM,120.0,68.0,-1
CLINES CORNERS WATER SYSTEM,880.0,662.0,-1
CLINES CORNERS WATER SYSTEM,500.0,90.0,-1
LOWER RIO GRANDE PWWA SOUTH VALLEY,750.0,62.0,-1
LOWER RIO GRANDE PWWA SOUTH VALLEY,845.0,26.0,-1
LOWER RIO GRANDE PWWA SOUTH VALLEY,385.0,15.0,-1
LOWER RIO GRANDE PWWA SOUTH VALLEY,317.0,120.0,-1
LOWER RIO GRANDE PWWA SOUTH VALLEY,470.0,15.0,-1
LOWER RIO GRANDE PWWA SOUTH VALLEY,600.0,90.0,-1
RANCHEROS DE SANTA FE CAMPING PARK,440.0,85.0,-1
APPLE TREE RV PARK,160.0,60.0,-1
APPLE TREE RV PARK,160.0,70.0,-1
GRANTS KOA,171.0,40.0,-1
MOUNTAINAIR WATER SYSTEM,292.0,130.0,-1
MOUNTAINAIR WATER SYSTEM,260.0,70.0,-1
SANTA ROSA WATER SUPPLY,620.0,420.0,-1
SANTA ROSA WATER SUPPLY,635.0,400.0,-1
MINE SHAFT TAVERN,580.0,120.0,-1
LOWER RIO GRANDE PWWA RINCON,260.0,125.0,-1
LOWER RIO GRANDE PWWA RINCON,251.0,125.0,-1
COTTONWOOD MONTESSORI,200.0,9.0,-1
PHILMONT SCOUT RANCH - CLEAR CREEK OC,100.0,42.0,-1
HOMESTEAD LANDOWNERS ASSOCIATION,280.0,121.0,-1
TETILLA PEAK RECREATION AREA,476.0,210.0,-1
PHILMONT SCOUT RANCH - BALDY OUTCAMP,300.0,60.0,-1
LORDSBURG WATER SUPPLY SYSTEM,400.0,128.0,-1
LORDSBURG WATER SUPPLY SYSTEM,500.0,141.0,-1
LORDSBURG WATER SUPPLY SYSTEM,525.0,141.0,-1
CORRALES MUNICIPAL COMPLEX,360.0,41.0,-1
ARROYOS DEL NORTE ELEMENTARY SCHOOL,760.0,658.0,-1
MOUNTAIN VIEW ELEMENTARY SCHOOL,300.0,140.0,-1
AMERICAN RV PARK,1292.0,834.0,-1
GUADALUPITA MDWCA,200.0,3.0,-1
LOW HI RV RANCH,233.0,98.0,-1
VISTA BONITA WATER COOP,120.0,63.0,-1
PENASCO MDWCA,265.0,146.0,-1
PENASCO MDWCA,265.0,10.0,-1
THE RINCON WATER COOPERATIVE,243.0,77.0,-1
THE RINCON WATER COOPERATIVE,234.0,64.0,-1
FORT LONE TREE,675.0,550.0,-1
CATTLEMENS LIVESTOCK AUCTION,167.0,6.0,-1
HACIENDA ACRES WATER SYSTEM (LCU),670.0,465.0,-1
HACIENDA ACRES WATER SYSTEM (LCU),800.0,483.0,-1
HACIENDA ACRES WATER SYSTEM (LCU),800.0,403.0,-1
HACIENDA ACRES WATER SYSTEM (LCU),800.0,430.0,-1
HACIENDA ACRES WATER SYSTEM (LCU),860.0,329.0,-1
DELANCEY STREET FOUNDATION,75.0,13.0,-1
BAYARD MUNICIPAL WATER SYSTEM,650.0,65.0,-1
BAYARD MUNICIPAL WATER SYSTEM,700.0,67.0,-1
BAYARD MUNICIPAL WATER SYSTEM,982.0,64.0,-1
BAYARD MUNICIPAL WATER SYSTEM,500.0,65.0,-1
BAYARD MUNICIPAL WATER SYSTEM,310.0,60.0,-1
BAYARD MUNICIPAL WATER SYSTEM,380.0,62.0,-1
BLACK RIVER CENTER FOR LEARNING,51.0,26.0,-1
JEM TRADING,500.0,10.0,-1
CAUSEY WATER SYSTEM,189.0,105.0,-1
CAUSEY WATER SYSTEM,190.0,90.0,-1
BOWLINS BUTTERFIELD STATION,327.0,80.0,-1
LYBROOK MDWCA,1704.0,1000.0,-1
ARTESIA MUNICIPAL WATER SYSTEM,1107.0,176.0,-1
ARTESIA MUNICIPAL WATER SYSTEM,1158.0,110.0,-1
ARTESIA MUNICIPAL WATER SYSTEM,1054.0,154.0,-1
ARTESIA MUNICIPAL WATER SYSTEM,830.0,311.0,-1
ARTESIA MUNICIPAL WATER SYSTEM,820.0,261.0,-1
PECOS WATER SYSTEM,400.0,35.0,-1
PECOS WATER SYSTEM,300.0,75.0,-1
UNIVERSITY OF NEW MEXICO,750.0,220.0,-1
AUSTING HAUS,55.0,30.0,-1
RIO COMMUNITIES INDUSTRIAL PARK,480.0,118.0,-1
GONZALES RANCH MDWCA,750.0,500.0,-1
CUBA WATER SYSTEM,555.0,256.0,-1
CUBA WATER SYSTEM,620.0,240.0,-1
CUBA WATER SYSTEM,622.0,243.0,-1
VISTA LINDA CAMPGROUND USFS SNF,100.0,15.0,-1
MANZANO MDWCA,155.0,18.0,-1
LEDOUX MDWCA,170.0,50.0,-1
LEDOUX MDWCA,205.0,58.0,-1
COLUMBINE INN,70.0,30.0,-1
SUNSET HILLS ESTATES HOA,1200.0,800.0,-1
PEOPLES WATER COOP,320.0,168.0,-1
CAROLINO CANYON,500.0,300.0,-1
ALBUQUERQUE NORTH KOA,85.0,35.0,-1
BLUEWATER LAKE MDWCA,273.0,147.0,-1
POJOAQUE TERRACES MHP,130.0,30.0,-1
RIO ARRIBA COUNTY DETENTION CENTER,63.0,60.0,-1
WHITES CITY WATER SYSTEM,1205.0,821.0,-1
WHITES CITY WATER SYSTEM,1200.0,821.0,-1
RUIDOSO DOWNS RACETRACK,310.0,60.0,-1
RUIDOSO DOWNS RACETRACK,189.0,54.0,-1
RUIDOSO DOWNS RACETRACK,140.0,60.0,-1
RUIDOSO DOWNS RACETRACK,122.0,60.0,-1
VERMEJO PARK  -  HEADQUARTERS,24.0,12.0,-1
VERMEJO PARK  -  HEADQUARTERS,24.0,12.0,-1
VERMEJO PARK  -  HEADQUARTERS,24.0,12.0,-1
VERMEJO PARK  -  HEADQUARTERS,24.0,12.0,-1
VERMEJO PARK  -  HEADQUARTERS,45.0,16.0,-1
OVERLOOK WATER CO-OP INC,500.0,300.0,-1
OVERLOOK WATER CO-OP INC,700.0,400.0,-1
"PAAKWEREE VILLAGE WATER CO-OP ASSOC, INC",920.0,284.0,-1
MOUNTAIN VIEW CHRISTIAN YOUTH CAMP,210.0,80.0,-1
MONTEREY WATER COMPANY INC.,496.0,217.0,-1
SAN LUIS CABEZON MDWCA,603.0,153.0,-1
AGUA PIEDRA CAMP GROUND USFS CARSON,90.0,55.0,-1
TAOS COUNTRY CLUB,160.0,131.0,-1
HOLLOMAN AIR FORCE BASE,203.0,77.0,-1
HOLLOMAN AIR FORCE BASE,260.0,120.0,-1
HOLLOMAN AIR FORCE BASE,260.0,68.0,-1
HOLLOMAN AIR FORCE BASE,210.0,90.0,-1
HOLLOMAN AIR FORCE BASE,350.0,112.0,-1
HOLLOMAN AIR FORCE BASE,991.0,265.0,-1
HOLLOMAN AIR FORCE BASE,640.0,240.0,-1
HOLLOMAN AIR FORCE BASE,710.0,162.0,-1
HOLLOMAN AIR FORCE BASE,755.0,245.0,-1
HOLLOMAN AIR FORCE BASE,532.0,245.0,-1
BUENA VISTA MDWCA,127.0,87.0,-1
LONE STAR TRAILER RANCH,410.0,50.0,-1
SILVER CITY WATER SYSTEM,800.0,471.0,-1
SILVER CITY WATER SYSTEM,835.0,462.0,-1
SILVER CITY WATER SYSTEM,1030.0,512.0,-1
SILVER CITY WATER SYSTEM,1030.0,536.0,-1
MOUNTAIN VIEW MHP,335.0,275.0,-1
XCEL ENERGY SPS MADDOX STATION,200.0,63.0,-1
PHILMONT SCOUT RANCH - INDIAN WRITINGS,52.0,17.0,-1
FAMBROUGH MDWCA,1047.0,77.0,-1
MAVERICK NATURAL RESOURCES BUCKEYE,150.0,42.0,-1
T & R MARKET WATER SUPPLY,555.0,200.0,-1
CHAMBERINO MDWC & SA,530.0,162.0,-1
HILLSBORO MDWCA,250.0,13.0,-1
HILLSBORO MDWCA,483.0,30.0,-1
PORTALES WATER SYSTEM,213.0,145.53,-1
PORTALES WATER SYSTEM,181.0,133.47,-1
PORTALES WATER SYSTEM,200.0,148.94,-1
PORTALES WATER SYSTEM,208.0,134.29,-1
PORTALES WATER SYSTEM,217.0,160.56,-1
PORTALES WATER SYSTEM,208.0,152.57,-1
PORTALES WATER SYSTEM,184.0,146.92,-1
PORTALES WATER SYSTEM,211.0,155.58,-1
PORTALES WATER SYSTEM,135.0,102.0,-1
PORTALES WATER SYSTEM,120.0,111.0,-1
PORTALES WATER SYSTEM,120.0,107.0,-1
PORTALES WATER SYSTEM,120.0,106.0,-1
PORTALES WATER SYSTEM,118.0,92.0,-1
PORTALES WATER SYSTEM,115.0,87.0,-1
PORTALES WATER SYSTEM,200.0,166.08,-1
PORTALES WATER SYSTEM,208.0,146.82,-1
PORTALES WATER SYSTEM,228.0,171.74,-1
PORTALES WATER SYSTEM,231.0,168.5,-1
PORTALES WATER SYSTEM,220.0,135.57,-1
PORTALES WATER SYSTEM,220.0,131.87,-1
PORTALES WATER SYSTEM,177.0,121.5,-1
PORTALES WATER SYSTEM,220.0,166.48,-1
PORTALES WATER SYSTEM,180.0,147.5,-1
PORTALES WATER SYSTEM,180.0,158.4,-1
PORTALES WATER SYSTEM,180.0,165.16,-1
PORTALES WATER SYSTEM,178.0,144.0,-1
PORTALES WATER SYSTEM,201.0,143.0,-1
PORTALES WATER SYSTEM,193.0,158.0,-1
PORTALES WATER SYSTEM,214.0,166.0,-1
PORTALES WATER SYSTEM,160.0,128.0,-1
PORTALES WATER SYSTEM,196.0,158.0,-1
COUNT YOUR BLESSING,210.0,80.0,-1
PHILMONT SCOUT RANCH - CRATER LAKE OC,203.0,62.0,-1
MIDWAY RV PARK,190.0,80.0,-1
BOSQUE GARDENS MDWCA,180.0,6.0,-1
BOSQUE GARDENS MDWCA,183.0,6.0,-1
ANTON CHICO REST AREA  EAST BOUND,260.0,159.0,-1
PAJARITO MOUNTAIN SKI AREA,500.0,370.0,-1
POJOAQUE VALLEY SCHOOL DISTRICT,500.0,60.0,-1
POJOAQUE VALLEY SCHOOL DISTRICT,800.0,252.0,-1
RIO EMBUDO MDWCA,90.0,25.0,-1
VILLA SANTA MARIA,85.0,16.0,-1
CEDAR CREST MDWC & SWA,211.0,130.0,-1
ENCHANTED VALLEY WUA,275.0,220.0,-1
DESERT SKY MOUNTAIN WATER COOPERATIVE,600.0,354.0,-1
DESERT SKY MOUNTAIN WATER COOPERATIVE,463.0,316.0,-1
"NEW MEXICO TECH, PLAYAS FACILITY",300.0,157.0,-1
"NEW MEXICO TECH, PLAYAS FACILITY",630.0,140.0,-1
JUNIPER MOBILE PARK,90.0,40.0,-1
JUNIPER MOBILE PARK,95.0,40.0,-1
NORTHEAST NM DETENTION FACILITY,525.0,301.0,-1
CLAYTON MUNICIPAL SUPPLY,611.0,300.0,-1
CLAYTON MUNICIPAL SUPPLY,450.0,315.0,-1
CLAYTON MUNICIPAL SUPPLY,550.0,319.0,-1
CLAYTON MUNICIPAL SUPPLY,457.0,327.0,-1
EL SHADDAI WATER CO OP,411.0,85.0,-1
TROUT MOUNTAIN WATER ASSOCIATION,320.0,125.0,-1
TROUT MOUNTAIN WATER ASSOCIATION,125.0,12.0,-1
RAMAH WATER & SANITATION DISTRICT,110.0,30.0,-1
BEARCAT HOMEOWNERS ASSOCIATION,250.0,110.0,-1
CABALLO LAKESIDE CAMPGROUND-STATE PARKS,250.0,55.0,-1
MAXWELL COOPERATIVE WATER USERS ASSOC,40.0,9.0,-1
MAXWELL COOPERATIVE WATER USERS ASSOC,50.0,31.0,-1
MAXWELL COOPERATIVE WATER USERS ASSOC,50.0,26.0,-1
MAXWELL COOPERATIVE WATER USERS ASSOC,47.0,17.0,-1
MAXWELL COOPERATIVE WATER USERS ASSOC,47.0,17.0,-1
AGUA SANA WUA,1240.0,470.0,-1
DESERTAIRE WATER COMPANY,253.0,170.0,-1
DESERTAIRE WATER COMPANY,255.0,152.0,-1
MONTICELLO CANYON DWCA,250.0,75.0,-1
ZIA RV PARK,605.0,200.0,-1
TOM & JERRY PLAZA,200.0,120.0,-1
RIBERA MDWCA,300.0,62.0,-1
VAUGHN DURAN WATER SYSTEM,900.0,105.0,-1
VAUGHN DURAN WATER SYSTEM,900.0,200.0,-1
VAUGHN DURAN WATER SYSTEM,900.0,250.0,-1
VAUGHN DURAN WATER SYSTEM,900.0,200.0,-1
ALTO LAKES WATER AND SANITATION DISTRICT,1084.0,110.0,-1
ALTO LAKES WATER AND SANITATION DISTRICT,1175.0,140.0,-1
ALTO LAKES WATER AND SANITATION DISTRICT,1240.0,225.0,-1
ALTO LAKES WATER AND SANITATION DISTRICT,430.0,140.0,-1
LOMA GRANDE ESTATES WATER ASSOCIATION,280.0,70.0,-1
LOMA GRANDE ESTATES WATER ASSOCIATION,300.0,70.0,-1
WESTERN SKY'S RV PARK,432.0,131.0,-1
AMERICAN GYPSUM COMPANY ABQ PLANT,370.0,191.0,-1
QUEEN RV PARK AND RESTAURANT,820.0,602.0,-1
SANDIA CHURCH OF THE NAZARENE,135.0,6.0,-1
CAPITAN WATER SYSTEM,495.0,200.0,-1
CAPITAN WATER SYSTEM,480.0,200.0,-1
MOUNTAIN CHRISTIAN CHURCH,185.0,120.0,-1
EDGEWOOD MEADOWS WATER CORP.,239.0,146.0,-1
WATROUS MDWCA,90.0,25.0,-1
WATROUS MDWCA,130.0,55.0,-1
LA MESA WATER COOP,720.0,245.0,-1
LA MESA WATER COOP,755.0,272.0,-1
ORGAN VIEW ESTATES,400.0,164.0,-1
ORGAN VIEW ESTATES,340.0,164.0,-1
FOX HILLS WATER USERS ASSOC,602.0,500.0,-1
SKI TIP RESTAURANT,240.0,160.0,-1
ALAMOGORDO DOMESTIC WATER SYSTEM,990.0,418.0,-1
ALAMOGORDO DOMESTIC WATER SYSTEM,880.0,400.0,-1
ALAMOGORDO DOMESTIC WATER SYSTEM,780.0,382.0,-1
ALAMOGORDO DOMESTIC WATER SYSTEM,936.0,438.0,-1
ALAMOGORDO DOMESTIC WATER SYSTEM,844.0,393.0,-1
ALAMOGORDO DOMESTIC WATER SYSTEM,750.0,395.0,-1
ALAMOGORDO DOMESTIC WATER SYSTEM,995.0,356.0,-1
CARLSBAD MUNICIPAL WATER SYSTEM,220.0,81.0,-1
CARLSBAD MUNICIPAL WATER SYSTEM,1000.0,425.0,-1
CARLSBAD MUNICIPAL WATER SYSTEM,330.0,224.0,-1
CARLSBAD MUNICIPAL WATER SYSTEM,305.0,227.0,-1
CARLSBAD MUNICIPAL WATER SYSTEM,300.0,171.0,-1
CARLSBAD MUNICIPAL WATER SYSTEM,325.0,245.0,-1
CARLSBAD MUNICIPAL WATER SYSTEM,272.0,170.0,-1
CARLSBAD MUNICIPAL WATER SYSTEM,238.0,160.0,-1
CARLSBAD MUNICIPAL WATER SYSTEM,224.0,120.0,-1
CARLSBAD MUNICIPAL WATER SYSTEM,270.0,165.0,-1
CARLSBAD MUNICIPAL WATER SYSTEM,326.0,206.0,-1
CARLSBAD MUNICIPAL WATER SYSTEM,295.0,160.0,-1
CARLSBAD MUNICIPAL WATER SYSTEM,305.0,186.0,-1
CARLSBAD MUNICIPAL WATER SYSTEM,237.0,130.0,-1
CARLSBAD MUNICIPAL WATER SYSTEM,234.0,140.0,-1
CARLSBAD MUNICIPAL WATER SYSTEM,242.0,170.0,-1
CARLSBAD MUNICIPAL WATER SYSTEM,238.0,200.0,-1
CARLSBAD MUNICIPAL WATER SYSTEM,303.0,200.0,-1
CARLSBAD MUNICIPAL WATER SYSTEM,230.0,110.0,-1
CARLSBAD MUNICIPAL WATER SYSTEM,727.0,397.0,-1
CARLSBAD MUNICIPAL WATER SYSTEM,930.0,395.0,-1
CARLSBAD MUNICIPAL WATER SYSTEM,590.0,403.0,-1
CARLSBAD MUNICIPAL WATER SYSTEM,678.0,410.0,-1
CARLSBAD MUNICIPAL WATER SYSTEM,730.0,449.0,-1
CARLSBAD MUNICIPAL WATER SYSTEM,878.0,436.0,-1
CARLSBAD MUNICIPAL WATER SYSTEM,790.0,420.0,-1
ABIQUIU INN,50.0,9.0,-1
RANCHOS DE PLACITAS SANITATION DISTRICT,500.0,213.0,-1
RANCHOS DE PLACITAS SANITATION DISTRICT,670.0,323.0,-1
RANCHOS DE PLACITAS SANITATION DISTRICT,982.0,430.0,-1
VILLA DEL SOL MOBILE HOME PARK,420.0,100.0,-1
HANNAH AND NATE'S MARKET CAFE,200.0,15.0,-1
MADRID MHP,330.0,28.0,-1
BENEDICTINE MONASTERY,111.0,30.0,-1
CARC WASHINGTON RANCH,100.0,5.0,-1
CHILDREN'S GARDEN MONTESSORI SCHOOL,300.0,100.0,-1
LOVINGTON MUNICIPAL WATER SUPPLY,260.0,90.0,-1
LOVINGTON MUNICIPAL WATER SUPPLY,240.0,87.0,-1
LOVINGTON MUNICIPAL WATER SUPPLY,240.0,80.0,-1
LOVINGTON MUNICIPAL WATER SUPPLY,220.0,90.0,-1
LOVINGTON MUNICIPAL WATER SUPPLY,240.0,90.0,-1
LOVINGTON MUNICIPAL WATER SUPPLY,270.0,75.0,-1
LOVINGTON MUNICIPAL WATER SUPPLY,265.0,90.0,-1
LOVINGTON MUNICIPAL WATER SUPPLY,270.0,89.0,-1
LOVINGTON MUNICIPAL WATER SUPPLY,257.0,104.0,-1
LOVINGTON MUNICIPAL WATER SUPPLY,251.0,92.0,-1
LOVINGTON MUNICIPAL WATER SUPPLY,239.0,90.0,-1
LOVINGTON MUNICIPAL WATER SUPPLY,220.0,89.0,-1
LOVINGTON MUNICIPAL WATER SUPPLY,214.0,85.0,-1
LOVINGTON MUNICIPAL WATER SUPPLY,232.0,105.0,-1
LOVINGTON MUNICIPAL WATER SUPPLY,245.0,90.0,-1
LOVINGTON MUNICIPAL WATER SUPPLY,256.0,109.0,-1
PECOS NATIONAL HISTORICAL PARK-ADMIN,322.0,156.0,-1
MORIARTY WATER SYSTEM,340.0,77.0,-1
MORIARTY WATER SYSTEM,390.0,96.0,-1
MORIARTY WATER SYSTEM,350.0,216.0,-1
SAFE HAVEN RV PARK,140.0,85.0,-1
PINON MDWCA,300.0,150.0,-1
LAKE SUMNER STATE PARK 1,256.0,96.0,-1
DOVE CANYON LLC,286.0,22.0,-1
HOPE WATER SYSTEM,600.0,520.0,-1
MANUELITO NAVAJO CHILDRENS HOME,427.0,85.0,-1
MELROSE WATER SYSTEM,110.0,65.0,-1
MELROSE WATER SYSTEM,110.0,75.0,-1
MELROSE WATER SYSTEM,110.0,75.0,-1
MELROSE WATER SYSTEM,120.0,75.0,-1
SUNLIT HILLS WATER SYSTEM,300.0,140.0,-1
SUNLIT HILLS WATER SYSTEM,300.0,152.0,-1
SUNLIT HILLS WATER SYSTEM,300.0,168.0,-1
SUNLIT HILLS WATER SYSTEM,156.0,113.0,-1
SUNLIT HILLS WATER SYSTEM,300.0,75.0,-1
SUNLIT HILLS WATER SYSTEM,274.0,20.0,-1
SUNLIT HILLS WATER SYSTEM,160.0,45.0,-1
SUNLIT HILLS WATER SYSTEM,180.0,37.0,-1
SUNLIT HILLS WATER SYSTEM,135.0,37.0,-1
SUNLIT HILLS WATER SYSTEM,240.0,77.0,-1
SUNLIT HILLS WATER SYSTEM,325.0,36.0,-1
UNM SEVILLETA FIELD STATION,460.0,140.0,-1
RUIDOSO DOWNS WATER SYSTEM,300.0,150.0,-1
RUIDOSO DOWNS WATER SYSTEM,688.0,70.0,-1
MELODY RANCH WATER CO,400.0,206.0,-1
ALAMO HEIGHTS WUA,270.0,210.0,-1
IMERYS PERLITE,1060.0,760.0,-1
PLACITAS ELEMENTARY SCHOOL,187.0,25.0,-1
PLACITAS WEST WATER CO-OP,580.0,424.0,-1
SUNSET ACRES WATER COMPANY,340.0,89.0,-1
PHILMONT SCOUT RANCH - PHILLIPS JUNCTN,50.0,8.0,-1
"ELEPHANT BUTTE, CITY OF",264.0,86.0,-1
JUNIPER HILLS MHP,396.0,190.0,-1
CLOUDCROFT WATER SYSTEM,158.0,120.0,-1
CLOUDCROFT WATER SYSTEM,282.0,220.0,-1
CLOUDCROFT WATER SYSTEM,500.0,400.0,-1
CLOUDCROFT WATER SYSTEM,360.0,284.0,-1
CLOUDCROFT WATER SYSTEM,380.0,265.0,-1
CLOUDCROFT WATER SYSTEM,400.0,270.0,-1
CLOUDCROFT WATER SYSTEM,400.0,250.0,-1
SAN ACACIA MDWCA,540.0,163.0,-1
FORT UNION REST AREA SOUTH BOUND,501.0,400.0,-1
ROWE MDWCA,342.0,127.0,-1
SANCHEZ MOBILE HOME PARK,200.0,86.0,-1
FLYING J RANCH,57.0,34.0,-1
LA LAMA MDWCA,865.0,681.0,-1
INLOW YOUTH CAMP,300.0,30.0,-1
PHILMONT SCOUT RANCH - SAWMILL OUTCAMP,95.0,36.0,-1
TURQUOISE TRAIL CENTER  WATER SYSTEM,240.0,190.0,-1
TURQUOISE TRAIL CENTER  WATER SYSTEM,175.0,40.0,-1
CANONES MDWCA,50.0,20.0,-1
BLUEWATER WATER AND SANITATION DISTRICT,345.0,175.0,-1
BLUEWATER WATER AND SANITATION DISTRICT,402.0,188.0,-1
VISTA DE ORO DE PLACITAS WATER USERS COO,800.0,504.0,-1
VISTA DE ORO DE PLACITAS WATER USERS COO,840.0,504.0,-1
MOUNTAINSIDE UNITED METHODIST,110.0,10.0,-1
GALLUP PORT OF ENTRY,540.0,42.0,-1
OJO SARCO MDWCA,229.0,151.0,-1
OJO SARCO MDWCA,280.0,175.0,-1
SENIOR LIVING SYSTEMS INC.,150.0,15.0,-1
SAN ANDRES ESTATES WATER SYSTEM (LCU),350.0,25.0,-1
SAN ANDRES ESTATES WATER SYSTEM (LCU),460.0,43.0,-1
APPLE BLOSSOM AND WHITE ANGEL MESA WUA,80.0,20.0,-1
VADITO MDWCA,158.0,75.0,-1
LOWER RIO GRANDE PWWA EAST MESA,900.0,477.0,-1
LOWER RIO GRANDE PWWA EAST MESA,801.0,535.0,-1
LOWER RIO GRANDE PWWA EAST MESA,900.0,567.0,-1
DESERT RANCH MDWCA,430.0,365.0,-1
LOWER DES MONTES MDWCA,230.0,70.0,-1
NORTH COURT MOBILE HOME PARK,160.0,12.0,-1
TRANQUILLO PINES WATER USERS COOP,460.0,183.0,-1
TRANQUILLO PINES WATER USERS COOP,700.0,226.0,-1
TRANQUILLO PINES WATER USERS COOP,560.0,300.0,-1
VALENCIA STORAGE AND MHP,126.0,5.0,-1
OJO CALIENTE MDWCA,78.0,32.0,-1
OJO CALIENTE MDWCA,51.0,36.0,-1
CANYON HILLS AREA WUA,630.0,380.0,-1
CANYON HILLS AREA WUA,575.0,380.0,-1
CAMP FRANK RAND,235.0,158.8,-1
HIGH SIERRA ESTATES WATER ASSN,705.0,70.0,-1
BELEN MOOSE LODGE 1680,150.0,4.0,-1
CORONADO VILLAGE COUNTRY CLUB,400.0,235.0,-1
ROY (VILLAGE OF),72.0,54.0,-1
ROY (VILLAGE OF),80.0,59.0,-1
ROY (VILLAGE OF),94.0,60.0,-1
ROY (VILLAGE OF),90.0,54.0,-1
ROY (VILLAGE OF),109.0,58.0,-1
PEREAS BAR AND RESTAURANT,210.0,60.0,-1
SIERRA VISTA MUTUAL DOMESTIC ASSOCIATION,257.0,94.0,-1
SAN MATEO MDWCA,701.0,196.0,-1
ANTON CHICO REST AREA  WEST BOUND,260.0,170.0,-1
ARAGON MDWCA,300.0,45.0,-1
CANNON AIR FORCE BASE WATER SYSTEM,404.0,312.0,-1
CANNON AIR FORCE BASE WATER SYSTEM,402.0,312.0,-1
CANNON AIR FORCE BASE WATER SYSTEM,415.0,314.0,-1
CANNON AIR FORCE BASE WATER SYSTEM,407.0,312.0,-1
CANNON AIR FORCE BASE WATER SYSTEM,385.0,293.0,-1
CANNON AIR FORCE BASE WATER SYSTEM,408.0,318.0,-1
CASAS ADOBES MDWCA,310.0,60.0,-1
SANTA FE TENNIS AND SWIM CLUB,250.0,120.0,-1
CBG WATER COMPANY,750.0,358.0,-1
CBG WATER COMPANY,754.0,368.0,-1
UNIVERSITY ESTATES WATER SYSTEM (LCU),570.0,50.0,-1
UNIVERSITY ESTATES WATER SYSTEM (LCU),590.0,34.0,-1
SIVELLS BAPTIST CAMP,180.0,40.0,-1
TIJERAS WATER COOPERATIVE,450.0,79.0,-1
BARCELONA MOBILE HOME PARK,200.0,78.0,-1
SUN VALLEY WATER AND SANITATION DISTRICT,480.0,230.0,-1
SUN VALLEY WATER AND SANITATION DISTRICT,745.0,50.0,-1
SUN VALLEY WATER AND SANITATION DISTRICT,356.0,230.0,-1
SUN VALLEY WATER AND SANITATION DISTRICT,800.0,65.0,-1
SAN YSIDRO WATER SUPPLY SYSTEM,45.0,4.0,-1
CERRO REGIONAL MDWCA/SWA,140.0,70.0,-1
TAOS MOTEL AND RV PARK,100.0,43.0,-1
RANCHOS ELEMENTARY SCHOOL,157.0,45.0,-1
LA PROMESA ELEMENTARY SCHOOL,240.0,30.0,-1
PHILMONT SCOUT RANCH - RAYADO RIDGE OC,725.0,347.0,-1
COLUMBINE CAMPGROUND USFS CARSON,82.0,74.0,-1
LAKE SECTION WATER COMPANY,730.0,30.0,-1
LAKE SECTION WATER COMPANY,685.0,339.0,-1
LAKE SECTION WATER COMPANY,800.0,362.0,-1
LAKE SECTION WATER COMPANY,710.0,348.0,-1
LAS VEGAS (CITY OF),829.0,80.0,-1
INDIAN HILLS WATER SYSTEM,325.0,130.0,-1
GLORIETA CAMPS,934.0,265.0,-1
GLORIETA CAMPS,800.0,189.0,-1
AGUA NEGRA MDWCA,247.0,39.6,-1
HIDDEN VALLEY RESORT ON ROUTE 66,230.0,136.0,-1
HIDDEN VALLEY RESORT ON ROUTE 66,180.0,143.0,-1
CLEVELAND MDWCA,150.0,7.0,-1
HI MESA WATER SYSTEM,547.0,405.0,-1
CDS RAINMAKERS UTIL LLC  RANCHO RUIDOSO,115.0,25.0,-1
CDS RAINMAKERS UTIL LLC  RANCHO RUIDOSO,905.0,750.0,-1
CDS RAINMAKERS UTIL LLC  RANCHO RUIDOSO,300.0,80.0,-1
CDS RAINMAKERS UTIL LLC  RANCHO RUIDOSO,940.0,500.0,-1
LONGHORN ESTATES WATER SYSTEM,400.0,350.0,-1
MILAN COMMUNITY WATER SYSTEM,214.0,70.0,-1
MILAN COMMUNITY WATER SYSTEM,185.0,64.0,-1
MILAN COMMUNITY WATER SYSTEM,165.0,110.0,-1
EL PORVENIR CHRISTIAN CAMP,402.0,112.0,-1
PERALTA METHODIST CHURCH,465.0,15.0,-1
NORTH RANCHOS DE PLACITAS W&SD,605.0,260.0,-1
NORTH RANCHOS DE PLACITAS W&SD,802.0,256.0,-1
NORTH RANCHOS DE PLACITAS W&SD,850.0,380.0,-1
REGINA MDWCA,1250.0,900.0,-1
MONTESSA PARK,450.0,239.0,-1
SAN ANTONIO DE CLEVELAND MDWCA,110.0,21.0,-1
EUNICE WATER SUPPLY SYSTEM,175.0,40.0,-1
EUNICE WATER SUPPLY SYSTEM,180.0,40.0,-1
EUNICE WATER SUPPLY SYSTEM,142.0,30.0,-1
EUNICE WATER SUPPLY SYSTEM,132.0,25.0,-1
EUNICE WATER SUPPLY SYSTEM,201.0,42.0,-1
EUNICE WATER SUPPLY SYSTEM,192.0,50.0,-1
SANTA BARBARA CAMPGROUND USFS CARSON,170.0,45.0,-1
RANCHITOS DE GALISTEO WUA,102.0,15.0,-1
RANCHITOS DE GALISTEO WUA,96.0,15.0,-1
MUNICIPAL RECREATION COMPLEX,890.0,240.0,-1
MUNICIPAL RECREATION COMPLEX,700.0,260.0,-1
LA CUEVA BUSINESS OWNERS ASSOCIATION,120.0,15.0,-1
UPPER HOLMAN MDWCA,245.0,110.0,-1
UPPER HOLMAN MDWCA,345.0,25.0,-1
TIERRA WEST ESTATES MHP,1250.0,780.0,-1
DURANES Y GAVILAN MDWCA,340.0,110.0,-1
AGUIRRE SPRINGS-BLM,150.0,96.0,-1
D & S TRAILER RANCH,740.0,80.0,-1
ARTESIA RURAL WATER COOPERATIVE,907.0,123.0,-1
ARTESIA RURAL WATER COOPERATIVE,826.0,126.0,-1
EL RITO REGIONAL WATER & WASTE WATER ASN,32.4,24.0,-1
VILLAGE PIZZA,242.0,25.0,-1
BERNALILLO WATER SYSTEM,660.0,238.0,-1
BERNALILLO WATER SYSTEM,970.0,123.0,-1
GUADALUPE ADMIN. SITE - LINCOLN - USFS,850.0,600.0,-1
UPPER RANCHITOS MDWCASW,150.0,5.0,-1
GHOST RANCH CONFERENCE CENTER,220.0,185.0,-1
GHOST RANCH CONFERENCE CENTER,250.0,190.0,-1
SIERRA BLANCA REGIONAL AIRPORT,1021.0,500.0,-1
RUSSELLS ENDEE TRUCK AND TRAVEL CTR 2,310.0,230.0,-1
RUSSELLS ENDEE TRUCK AND TRAVEL CTR 2,383.0,230.0,-1
C AND J RESTAURANT,120.0,6.0,-1
RIVER RANCH RV PARK,117.0,7.0,-1
VISTA DEL REY ESTATES MDWCA,512.0,393.0,-1
HACIENDA DEL SOL #2,219.0,120.0,-1
GREEN ACRES MOBILE HOME VILLAGE,197.0,12.0,-1
TAOS MUNICIPAL WATER SYSTEM,300.0,15.4,-1
TAOS MUNICIPAL WATER SYSTEM,250.0,16.0,-1
TAOS MUNICIPAL WATER SYSTEM,400.0,54.0,-1
EL MALPAIS NATIONAL MONUMENT,300.0,106.0,-1
CORRALES ELEMENTARY SCHOOL,580.0,30.0,-1
TRIPLE J MHP,180.0,80.0,-1
GENERATIONS OF LEARNING,300.0,95.0,-1
SAN MARCOS RESTAURANT,180.0,55.0,-1
ALLSUPS 137,218.0,6.0,-1
FORT SELDON REST AREA-STATE HWY DEPT.,400.0,287.0,-1
VIETNAM VETERANS MEMORIAL,300.0,132.0,-1
HIGH ROLLS COMMUNITY WATER USERS COOP,80.0,65.0,-1
PHILMONT SCOUT RANCH - RICH CABINS OC,660.0,4.0,-1
TRUTH OR CONSEQUENCES,420.0,80.0,-1
TRUTH OR CONSEQUENCES,511.0,80.0,-1
TRUTH OR CONSEQUENCES,600.0,80.0,-1
TRUTH OR CONSEQUENCES,600.0,80.0,-1
LITTLE EARTH SCHOOL,480.0,210.0,-1
CAPULIN MDWCA,260.0,150.0,-1
CARLSBAD CAVERNS NATIONAL PARK,117.0,7.0,-1
VETERANS ADMINISTRATION HCS NEW MEXICO,1010.0,481.0,-1
PHILMONT SCOUT RANCH - URACCA OUTCAMP,118.0,58.0,-1
JEMEZ VALLEY PUBLIC SCHOOLS,130.0,60.0,-1
PIE TOWN MDWCA,360.0,49.0,-1
YAH TA HEY W & SD,2125.0,787.0,-1
EILEEN ACRES,310.0,220.0,-1
EILEEN ACRES,310.0,196.0,-1
OTIS MDWCA,198.0,149.0,-1
OTIS MDWCA,198.0,149.0,-1
OTIS MDWCA,202.0,137.0,-1
OTIS MDWCA,210.0,149.0,-1
NATIONAL SOLAR OBSERVATORY,340.0,270.0,-1
NATIONAL SOLAR OBSERVATORY,266.0,210.0,-1
MEADOW LAKE WATER SYSTEM,160.0,82.0,-1
MEADOW LAKE WATER SYSTEM,380.0,92.0,-1
POLK MIDDLE SCHOOL,205.0,11.0,-1
FREEPORT MCMORAN CHINO MINES,777.0,88.0,-1
FREEPORT MCMORAN CHINO MINES,365.0,131.8,-1
FREEPORT MCMORAN CHINO MINES,405.0,134.3,-1
FREEPORT MCMORAN CHINO MINES,632.0,330.0,-1
FREEPORT MCMORAN CHINO MINES,920.0,280.0,-1
FREEPORT MCMORAN CHINO MINES,500.0,60.0,-1
FREEPORT MCMORAN CHINO MINES,418.0,146.0,-1
FREEPORT MCMORAN CHINO MINES,223.0,11.0,-1
FREEPORT MCMORAN CHINO MINES,255.0,66.0,-1
FREEPORT MCMORAN CHINO MINES,223.0,62.0,-1
FREEPORT MCMORAN CHINO MINES,600.0,182.3,-1
FREEPORT MCMORAN CHINO MINES,580.0,174.5,-1
FREEPORT MCMORAN CHINO MINES,400.0,44.0,-1
FREEPORT MCMORAN CHINO MINES,800.0,80.5,-1
FREEPORT MCMORAN CHINO MINES,881.0,126.7,-1
FREEPORT MCMORAN CHINO MINES,655.0,142.0,-1
FREEPORT MCMORAN CHINO MINES,800.0,327.0,-1
CAMP BLUE HAVEN,121.0,21.0,-1
CEBOLLA MDWCA,2610.0,639.0,-1
SANTA FE SKI BASIN,160.0,60.0,-1
TYRONE MDWCA,702.0,475.0,-1
CANON MDWCA,28.0,7.7,-1
MAYHILL MDWCA,80.0,25.0,-1
MOUNTAIN HIGH RV PARK,300.0,185.0,-1
TAOS VALLEY RV PARK,160.0,60.0,-1
CROCKETT CANYON RV,300.0,50.0,-1
FLOYD WS VILLAGE OF,116.0,85.0,-1
FLOYD WS VILLAGE OF,143.0,94.0,-1
CORONA WATER SYSTEM,922.0,610.0,-1
CORONA WATER SYSTEM,940.0,605.0,-1
TRINITY MOBILE HOME PARK,240.0,8.0,-1
ALMA STORE AND GRILL,90.0,65.0,-1
KIRTLAND AIR FORCE BASE,900.0,467.0,-1
KIRTLAND AIR FORCE BASE,1000.0,479.0,-1
KIRTLAND AIR FORCE BASE,1000.0,439.0,-1
KIRTLAND AIR FORCE BASE,1450.0,478.0,-1
KIRTLAND AIR FORCE BASE,1600.0,495.0,-1
KIRTLAND AIR FORCE BASE,1250.0,520.0,-1
DUNGAN MDWCA,226.0,65.0,-1
STAGECOACH RV RANCH,395.0,197.0,-1
DESERT VISTA RV VILLAGE,201.0,63.0,-1
DESERT VISTA RV VILLAGE,200.0,85.0,-1
WESTERN TERRACE,210.0,75.0,-1
RIO DE ARENAS,165.0,36.0,-1
RIO DE ARENAS,340.0,32.0,-1
ROSA JOINT VENTURES WATER SYSTEM,200.0,40.0,-1
ROSA JOINT VENTURES WATER SYSTEM,300.0,40.0,-1
LA CIENEGA MDWCA,300.0,107.0,-1
CORKINS LODGE,289.0,40.0,-1
HOMESTEAD VILLAGE,615.0,440.0,-1
LA MADERA MDWCA,25.0,18.0,-1
ANASAZI TRAILS WATER CO-OP,720.0,390.0,-1
DCP MIDSTREAM  LINAM PLANT,177.0,48.0,-1
DCP MIDSTREAM  LINAM PLANT,182.0,62.0,-1
DCP MIDSTREAM  LINAM PLANT,200.0,168.0,-1
LOWER COLONIAS MDWCA,200.0,100.0,-1
LAKE ROBERTS CAMPGROUND - GILA - USFS,55.0,17.0,-1
"GREEN RIDGE MDWCA, INC.",700.0,354.0,-1
ELENA GALLEGOS PICNIC AREA,95.0,28.0,-1
JUNIPER HILLS RANCH,201.0,153.0,-1
ILFELD MDWCA,520.0,367.0,-1
ILFELD MDWCA,427.0,358.0,-1
COTTONWOOD WATER MDWCA,900.0,170.0,-1
ENCHANTED MESA MOBILE HOME PARK,140.0,115.0,-1
ENCHANTED MESA MOBILE HOME PARK,145.0,120.0,-1
LA LUZ MDWCA,640.0,485.0,-1
LA LUZ MDWCA,640.0,502.0,-1
LA LUZ MDWCA,710.0,398.0,-1
LA LUZ MDWCA,900.0,532.0,-1
VIGILS TRAILER PARK,120.0,92.0,-1
LAS PLACITAS PRESBYTERIAN CHURCH,232.0,40.0,-1
WILD AND WOOLEY TRAILER RANCH,310.0,150.0,-1
CAPULIN RV PARK,94.0,54.0,-1
LA CUEVA MDWCA,150.0,20.0,-1
LOMA ESCONDIDA WATER ASSOCIATION,250.0,50.0,-1
SOUTH FORK CAMPGROUND LINCOLN  USFS,100.0,10.0,-1
HIDDEN VALLEY RANCH,600.0,180.0,-1
ANTHONY COUNTRY CLUB,220.0,20.0,-1
QUEMADO MUTUAL WATER & SWA,339.0,23.0,-1
QUEMADO MUTUAL WATER & SWA,209.0,26.0,-1
GRENVILLE WATER SYSTEM,300.0,225.0,-1
RATTLESNAKE DRAW REST AREA,1000.0,600.0,-1
MAEZ WATER SOURCES & DRILLING,190.0,6.0,-1
SENA MDWCA,160.0,28.0,-1
TAOS COUNTY ECONOMIC DEVELOPMENT CENTER,150.0,36.0,-1
SOLACITO MDWCA,300.0,180.0,-1
ANTHONY W&SD,400.0,86.0,-1
ANTHONY W&SD,500.0,57.0,-1
GRANTS DOMESTIC WATER SYSTEM,300.0,60.0,-1
GRANTS DOMESTIC WATER SYSTEM,388.0,166.0,-1
UPPER DES MONTES MDWCA,385.0,360.0,-1
ENTRANOSA WATER ASSOCIATION,447.0,250.0,-1
ENTRANOSA WATER ASSOCIATION,1080.0,258.0,-1
ENTRANOSA WATER ASSOCIATION,510.0,337.0,-1
ENTRANOSA WATER ASSOCIATION,800.0,380.0,-1
ENTRANOSA WATER ASSOCIATION,800.0,365.0,-1
ENTRANOSA WATER ASSOCIATION,340.0,200.0,-1
ENTRANOSA WATER ASSOCIATION,381.0,185.0,-1
ENTRANOSA WATER ASSOCIATION,410.0,216.0,-1
ST WILLIAMS MOBILE HOME PARK,860.0,240.0,-1
HEIGHTS WATER USERS ASSOCIATION,100.0,10.0,-1
HEIGHTS WATER USERS ASSOCIATION,60.0,6.0,-1
VILLAGE MOBILE HOME PARK,350.0,285.0,-1
VILLAGE MOBILE HOME PARK,410.0,283.0,-1
TINNIES SILVER DOLLAR RESTAURANT,125.0,70.0,-1
EL VADITO DE LOS CERRILLOS WATER ASSOC,45.0,6.0,-1
GILA VISITOR CENTER-NPS GICL,97.0,6.0,-1
FLORA VISTA MUTUAL DOMESTIC,23.0,11.0,-1
FLORA VISTA MUTUAL DOMESTIC,23.0,5.0,-1
FLORA VISTA MUTUAL DOMESTIC,23.0,10.0,-1
TRAMPAS MDWCA,108.0,21.0,-1
TRAMPAS MDWCA,215.0,5.0,-1
ESCONDIDA LAKE,90.0,10.0,-1
ASI LA MAR TRAILER PARK,369.0,303.0,-1
ASI LA MAR TRAILER PARK,376.0,301.0,-1
AMIZETTE INN,50.0,26.0,-1
CORREO WATER ASSOCIATION,130.0,91.0,-1
CORREO WATER ASSOCIATION,115.0,94.0,-1
GARFIELD MDWCA,200.0,105.0,-1
GARFIELD MDWCA,206.0,110.0,-1
GARFIELD MDWCA,220.0,104.0,-1
GARFIELD MDWCA,210.0,138.0,-1
GLENWOOD ADMINISTRATIVE SITE - USFS,200.0,155.0,-1
RIO RANCHO WATER & WW SERVICES,751.0,312.0,-1
RIO RANCHO WATER & WW SERVICES,823.0,374.0,-1
RIO RANCHO WATER & WW SERVICES,1197.0,740.0,-1
RIO RANCHO WATER & WW SERVICES,1540.0,1080.0,-1
RIO RANCHO WATER & WW SERVICES,1487.0,183.0,-1
RIO RANCHO WATER & WW SERVICES,2010.0,600.0,-1
RIO RANCHO WATER & WW SERVICES,1320.0,650.0,-1
RIO RANCHO WATER & WW SERVICES,1730.0,359.0,-1
RIO RANCHO WATER & WW SERVICES,2092.0,780.0,-1
RIO RANCHO WATER & WW SERVICES,1970.0,380.0,-1
RIO RANCHO WATER & WW SERVICES,2495.0,364.8,-1
RIO RANCHO WATER & WW SERVICES,1492.0,656.0,-1
RIO RANCHO WATER & WW SERVICES,2987.0,144.0,-1
WHITE SANDS MISSILE RANGE (MAIN POST)-FF,523.0,342.0,-1
WHITE SANDS MISSILE RANGE (MAIN POST)-FF,1100.0,446.0,-1
WHITE SANDS MISSILE RANGE (MAIN POST)-FF,900.0,398.0,-1
WHITE SANDS MISSILE RANGE (MAIN POST)-FF,903.0,409.0,-1
WHITE SANDS MISSILE RANGE (MAIN POST)-FF,842.0,462.0,-1
WHITE SANDS MISSILE RANGE (MAIN POST)-FF,735.0,370.0,-1
WHITE SANDS MISSILE RANGE (MAIN POST)-FF,810.0,266.0,-1
WHITE SANDS MISSILE RANGE (MAIN POST)-FF,720.0,348.0,-1
FORT UNION NATIONAL MONUMENT USNPS,315.0,80.0,-1
OJO CALIENTE MINERAL SPRINGS,60.0,20.0,-1
OJO CALIENTE MINERAL SPRINGS,65.0,20.0,-1
GLENRIO HIGHWAY REST AREA,280.0,220.0,-1
GLENRIO HIGHWAY REST AREA,300.0,172.0,-1
AGUA FRIA WATER ASSOCIATION,385.0,107.31,-1
QUESTA WATER SYSTEM,300.0,167.0,-1
ALBUQUERQUE WATER SYSTEM,996.0,395.0,-1
ALBUQUERQUE WATER SYSTEM,996.0,457.0,-1
ALBUQUERQUE WATER SYSTEM,1300.0,731.0,-1
ALBUQUERQUE WATER SYSTEM,1680.0,324.0,-1
ALBUQUERQUE WATER SYSTEM,1350.0,568.0,-1
ALBUQUERQUE WATER SYSTEM,1114.0,890.0,-1
ALBUQUERQUE WATER SYSTEM,1670.0,656.0,-1
ALBUQUERQUE WATER SYSTEM,1704.0,676.0,-1
ALBUQUERQUE WATER SYSTEM,1096.0,627.0,-1
ALBUQUERQUE WATER SYSTEM,1260.0,552.0,-1
ALBUQUERQUE WATER SYSTEM,1284.0,538.0,-1
ALBUQUERQUE WATER SYSTEM,1240.0,150.0,-1
ALBUQUERQUE WATER SYSTEM,1521.0,665.0,-1
ALBUQUERQUE WATER SYSTEM,1485.0,594.0,-1
ALBUQUERQUE WATER SYSTEM,1455.0,456.0,-1
ALBUQUERQUE WATER SYSTEM,1581.0,733.0,-1
ALBUQUERQUE WATER SYSTEM,804.0,34.0,-1
ALBUQUERQUE WATER SYSTEM,814.0,40.0,-1
ALBUQUERQUE WATER SYSTEM,802.0,25.0,-1
ALBUQUERQUE WATER SYSTEM,916.0,21.0,-1
ALBUQUERQUE WATER SYSTEM,804.0,46.0,-1
ALBUQUERQUE WATER SYSTEM,996.0,427.0,-1
ALBUQUERQUE WATER SYSTEM,1260.0,606.0,-1
ALBUQUERQUE WATER SYSTEM,1448.0,531.0,-1
ALBUQUERQUE WATER SYSTEM,1424.0,506.0,-1
ALBUQUERQUE WATER SYSTEM,1470.0,514.0,-1
ALBUQUERQUE WATER SYSTEM,1553.0,499.0,-1
ALBUQUERQUE WATER SYSTEM,1551.0,545.0,-1
ALBUQUERQUE WATER SYSTEM,1515.0,472.0,-1
ALBUQUERQUE WATER SYSTEM,987.0,221.0,-1
ALBUQUERQUE WATER SYSTEM,1170.0,423.0,-1
ALBUQUERQUE WATER SYSTEM,1400.0,363.0,-1
ALBUQUERQUE WATER SYSTEM,970.0,174.0,-1
ALBUQUERQUE WATER SYSTEM,1115.0,165.0,-1
ALBUQUERQUE WATER SYSTEM,1688.0,613.0,-1
ALBUQUERQUE WATER SYSTEM,1020.0,236.0,-1
ALBUQUERQUE WATER SYSTEM,1295.0,47.0,-1
ALBUQUERQUE WATER SYSTEM,544.0,22.0,-1
ALBUQUERQUE WATER SYSTEM,804.0,22.0,-1
ALBUQUERQUE WATER SYSTEM,500.0,29.0,-1
ALBUQUERQUE WATER SYSTEM,1312.0,475.0,-1
ALBUQUERQUE WATER SYSTEM,994.0,353.0,-1
ALBUQUERQUE WATER SYSTEM,1056.0,474.0,-1
ALBUQUERQUE WATER SYSTEM,1020.0,403.0,-1
ALBUQUERQUE WATER SYSTEM,1020.0,405.0,-1
ALBUQUERQUE WATER SYSTEM,1056.0,460.0,-1
ALBUQUERQUE WATER SYSTEM,1095.0,504.0,-1
ALBUQUERQUE WATER SYSTEM,1555.0,625.0,-1
"EPCOR WATER NEW MEXICO INC., EDGEWOOD",400.0,246.0,-1
"EPCOR WATER NEW MEXICO INC., EDGEWOOD",309.0,182.0,-1
"EPCOR WATER NEW MEXICO INC., EDGEWOOD",290.0,177.0,-1
"EPCOR WATER NEW MEXICO INC., EDGEWOOD",705.0,210.0,-1
MAGDALENA VILLAGE OF,185.0,27.0,-1
MAGDALENA VILLAGE OF,340.0,196.0,-1
MAGDALENA VILLAGE OF,156.0,100.0,-1
SAN ANTONIO MDWCA,177.0,130.0,-1
HIGH COUNTRY LODGE,330.0,60.0,-1
SOUTHWEST CHEESE,295.0,305.0,-1
SOUTHWEST CHEESE,302.0,298.0,-1
SOUTHWEST CHEESE,298.0,299.0,-1
SOUTHWEST CHEESE,314.0,312.0,-1
SOUTHWEST CHEESE,312.0,313.0,-1
SOUTHWEST CHEESE,275.0,286.0,-1
WILLARD VILLAGE OF,240.0,95.0,-1
EAGLE ROCK VILLAGE,250.0,138.0,-1
INTREPID POTASH  WEST,197.0,65.0,-1
INTREPID POTASH  WEST,194.0,54.0,-1
INTREPID POTASH  WEST,157.0,80.0,-1
INTREPID POTASH  WEST,163.0,94.0,-1
INTREPID POTASH  WEST,204.0,65.0,-1
INTREPID POTASH  WEST,216.0,105.0,-1
INTREPID POTASH  WEST,215.0,105.0,-1
INTREPID POTASH  WEST,220.0,99.0,-1
INTREPID POTASH  WEST,230.0,81.0,-1
SUMMER WIND MOBILE HOME PARK,435.0,19.0,-1
SUMMER WIND MOBILE HOME PARK,420.0,19.0,-1
CIDER MILL FARMS MDWCA,72.0,35.0,-1
SANDIA SPEEDWAY,1360.0,1000.0,-1
LAKE ROBERTS WATER USERS ASSOCIATION,100.0,8.0,-1
EL RANCHO SENIOR CITIZENS CENTER,200.0,30.0,-1
"WESTERN REFINING SW, GALLUP REFINERY",1030.0,243.0,-1
DONA ANA MDWCA,600.0,120.0,-1
DONA ANA MDWCA,600.0,132.6,-1
DONA ANA MDWCA,716.0,10.0,-1
DONA ANA MDWCA,403.0,56.0,-1
DONA ANA MDWCA,92.0,20.0,-1
DONA ANA MDWCA,110.0,15.0,-1
DONA ANA MDWCA,150.0,65.0,-1
BERRENDO COOPERATIVE WUA,400.0,136.0,-1
CLOUD COUNTRY ESTATES WUA,652.0,515.0,-1
HAGERMAN WATER SYSTEM,1021.0,200.0,-1
RIO DEL ORO WATER SYSTEM,600.0,195.0,-1
RIO DEL ORO WATER SYSTEM,710.0,235.0,-1
TESUQUE MDWCA,140.0,16.0,-1
LOVES TRAVEL STOP,1169.0,815.0,-1
SEEPING SPRINGS CAMPGROUND,27.0,10.0,-1
SEEPING SPRINGS CAMPGROUND,80.0,6.0,-1
RIO GRANDE GORGE REST AREA,709.0,420.0,-1
SANGRE DE CRISTO REGIONAL MDWCA,425.0,368.0,-1
SANGRE DE CRISTO REGIONAL MDWCA,425.0,380.0,-1
SANGRE DE CRISTO REGIONAL MDWCA,450.0,371.0,-1
GABALDON MDWCA,300.0,20.0,-1
FORT CRAIG REST AREA  WEST SIDE,292.0,200.0,-1
LEPRINO FOODS,408.0,75.0,-1
LEPRINO FOODS,460.0,75.0,-1
FOREST MEADOW BAPTIST CHURCH,260.0,36.0,-1
PUEBLO LOS CERROS,300.0,60.0,-1
BUREAU OF RECLAMATION,110.0,22.0,-1
BUREAU OF RECLAMATION,119.0,22.0,-1
EPCOR WATER NEW MEXICO INC  CLOVIS,375.0,321.0,-1
EPCOR WATER NEW MEXICO INC  CLOVIS,361.0,321.0,-1
EPCOR WATER NEW MEXICO INC  CLOVIS,351.0,312.5,-1
EPCOR WATER NEW MEXICO INC  CLOVIS,372.0,318.0,-1
EPCOR WATER NEW MEXICO INC  CLOVIS,373.0,325.0,-1
EPCOR WATER NEW MEXICO INC  CLOVIS,350.0,302.0,-1
EPCOR WATER NEW MEXICO INC  CLOVIS,415.0,324.5,-1
EPCOR WATER NEW MEXICO INC  CLOVIS,387.0,309.0,-1
EPCOR WATER NEW MEXICO INC  CLOVIS,393.0,315.5,-1
EPCOR WATER NEW MEXICO INC  CLOVIS,384.0,321.0,-1
EPCOR WATER NEW MEXICO INC  CLOVIS,351.0,272.0,-1
EPCOR WATER NEW MEXICO INC  CLOVIS,351.0,300.0,-1
EPCOR WATER NEW MEXICO INC  CLOVIS,380.0,324.0,-1
EPCOR WATER NEW MEXICO INC  CLOVIS,356.0,297.0,-1
EPCOR WATER NEW MEXICO INC  CLOVIS,368.0,330.0,-1
EPCOR WATER NEW MEXICO INC  CLOVIS,355.0,330.0,-1
EPCOR WATER NEW MEXICO INC  CLOVIS,345.0,320.0,-1
EPCOR WATER NEW MEXICO INC  CLOVIS,395.0,345.0,-1
EPCOR WATER NEW MEXICO INC  CLOVIS,375.0,350.5,-1
EPCOR WATER NEW MEXICO INC  CLOVIS,391.0,348.0,-1
EPCOR WATER NEW MEXICO INC  CLOVIS,406.0,344.0,-1
EPCOR WATER NEW MEXICO INC  CLOVIS,410.0,354.0,-1
EPCOR WATER NEW MEXICO INC  CLOVIS,416.0,344.0,-1
EPCOR WATER NEW MEXICO INC  CLOVIS,423.0,365.5,-1
EPCOR WATER NEW MEXICO INC  CLOVIS,353.0,324.5,-1
EPCOR WATER NEW MEXICO INC  CLOVIS,415.0,367.0,-1
EPCOR WATER NEW MEXICO INC  CLOVIS,385.0,345.0,-1
EPCOR WATER NEW MEXICO INC  CLOVIS,365.0,328.0,-1
EPCOR WATER NEW MEXICO INC  CLOVIS,383.0,323.5,-1
EPCOR WATER NEW MEXICO INC  CLOVIS,424.0,358.0,-1
EPCOR WATER NEW MEXICO INC  CLOVIS,397.0,346.0,-1
EPCOR WATER NEW MEXICO INC  CLOVIS,372.0,336.0,-1
EPCOR WATER NEW MEXICO INC  CLOVIS,373.0,342.0,-1
EPCOR WATER NEW MEXICO INC  CLOVIS,374.0,344.0,-1
EPCOR WATER NEW MEXICO INC  CLOVIS,372.0,318.0,-1
EPCOR WATER NEW MEXICO INC  CLOVIS,364.0,329.0,-1
EPCOR WATER NEW MEXICO INC  CLOVIS,405.0,365.0,-1
EPCOR WATER NEW MEXICO INC  CLOVIS,354.0,309.5,-1
EPCOR WATER NEW MEXICO INC  CLOVIS,382.0,312.0,-1
EPCOR WATER NEW MEXICO INC  CLOVIS,343.0,304.5,-1
EPCOR WATER NEW MEXICO INC  CLOVIS,345.0,319.0,-1
EPCOR WATER NEW MEXICO INC  CLOVIS,353.0,312.0,-1
EPCOR WATER NEW MEXICO INC  CLOVIS,298.0,266.0,-1
EPCOR WATER NEW MEXICO INC  CLOVIS,298.0,265.0,-1
EPCOR WATER NEW MEXICO INC  CLOVIS,275.0,258.0,-1
EPCOR WATER NEW MEXICO INC  CLOVIS,318.0,280.0,-1
EPCOR WATER NEW MEXICO INC  CLOVIS,326.0,287.0,-1
EPCOR WATER NEW MEXICO INC  CLOVIS,330.0,274.0,-1
EPCOR WATER NEW MEXICO INC  CLOVIS,389.0,323.5,-1
EPCOR WATER NEW MEXICO INC  CLOVIS,405.0,341.0,-1
EPCOR WATER NEW MEXICO INC  CLOVIS,260.0,243.0,-1
EPCOR WATER NEW MEXICO INC  CLOVIS,277.0,244.0,-1
EPCOR WATER NEW MEXICO INC  CLOVIS,357.0,297.0,-1
EPCOR WATER NEW MEXICO INC  CLOVIS,386.0,300.0,-1
EPCOR WATER NEW MEXICO INC  CLOVIS,310.0,278.0,-1
EPCOR WATER NEW MEXICO INC  CLOVIS,390.0,314.0,-1
EPCOR WATER NEW MEXICO INC  CLOVIS,380.0,320.0,-1
EPCOR WATER NEW MEXICO INC  CLOVIS,371.0,320.0,-1
EPCOR WATER NEW MEXICO INC  CLOVIS,392.0,327.0,-1
EPCOR WATER NEW MEXICO INC  CLOVIS,384.0,320.0,-1
EPCOR WATER NEW MEXICO INC  CLOVIS,400.0,317.0,-1
EPCOR WATER NEW MEXICO INC  CLOVIS,385.0,335.0,-1
TWIN SPRUCE CAMPGROUND,142.0,89.0,-1
JAL WATER SUPPLY SYSTEM,550.0,252.0,-1
JAL WATER SUPPLY SYSTEM,700.0,249.0,-1
JAL WATER SUPPLY SYSTEM,700.0,242.0,-1
LEASBURG MDWCA,150.0,20.0,-1
LEASBURG MDWCA,240.0,20.0,-1
FRONTIER MART INC,188.0,32.0,-1
CLOVIS WEST LLC,357.0,285.0,-1
ABIQUIU DAM,410.0,230.0,-1
CARLSBAD KOA,180.0,45.0,-1
VILLANUEVA STATE PARK,190.0,60.0,-1
ELIDA WATER SYSTEM,132.5,43.5,-1
ELIDA WATER SYSTEM,101.0,38.03,-1
POJOAQUE MIDDLE SCHOOL,170.0,32.0,-1
POJOAQUE MIDDLE SCHOOL,340.0,16.0,-1
UPPER ARROYO HONDO MDWCA,240.0,171.0,-1
UPPER ARROYO HONDO MDWCA,230.0,175.0,-1
U-PULL AND PAY,295.0,117.0,-1
U-PULL AND PAY,320.0,90.0,-1
SOUTH MONTICELLO RECREATION AREA,265.0,94.0,-1
BLOCK A WELL CO-OP,690.0,350.0,-1
SCENIC VIEW REST AREA-STATE HWY DEPT,500.0,317.0,-1
CAPULIN VOLCANO NATIONAL MONUMENT,680.0,643.0,-1
SANTA CRUZ RECREATION AREA,300.0,112.0,-1
BISHOP STONEY CAMP AND CONFERENCE CENTER,208.0,94.0,-1
ANCONES MDWWCA,140.0,26.0,-1
MESILLA WATER SYSTEM,700.0,265.0,-1
MESILLA WATER SYSTEM,600.0,166.0,-1
TIERRA MONTE WATER USERS ASSOCIATION,319.0,225.0,-1
TIERRA MONTE WATER USERS ASSOCIATION,320.0,70.0,-1
TIERRA MONTE WATER USERS ASSOCIATION,240.0,45.0,-1
CORDOVA MDWCA,60.0,10.0,-1
CORDOVA MDWCA,60.0,10.0,-1
RIO COMMUNITIES WATER SYSTEM,480.0,154.0,-1
MAVERICK NATURAL RESOURCES MALJAMAR,220.0,130.0,-1
MAVERICK NATURAL RESOURCES MALJAMAR,236.0,130.0,-1
HOBBS COUNTRY CLUB,200.0,45.0,-1
LOS LUNAS WATER SYSTEM,592.0,129.0,-1
LOS LUNAS WATER SYSTEM,675.0,145.0,-1
LOS LUNAS WATER SYSTEM,660.0,132.0,-1
SMOKEY BEAR R S  LINCOLN  USFS,65.0,12.0,-1
LA TIENDA AT ELDORADO,774.0,31.0,-1
POLVADERA MDWCA,240.0,181.0,-1
POLVADERA MDWCA,330.0,208.0,-1
POLVADERA MDWCA,300.0,240.0,-1
POLVADERA MDWCA,308.0,218.0,-1
CASA VALDEZ,250.0,85.0,-1
PHILMONT SCOUT RANCH - CLARKS FORK OC,103.0,8.0,-1
PHILMONT SCOUT RANCH - CLARKS FORK OC,610.0,14.0,-1
EAGLE NEST REINTEGRATION CENTER,98.0,56.0,-1
ENCHANTED FOREST WATER MDWCA,1005.0,260.0,-1
FORT SUMNER MUNICIPAL WATER SYSTEM,240.0,103.0,-1
FORT SUMNER MUNICIPAL WATER SYSTEM,216.0,98.0,-1
FORT SUMNER MUNICIPAL WATER SYSTEM,221.0,104.0,-1
TRAVELERS WORLD CAMPGROUND,409.0,377.0,-1
DESERT AIRE MDW AND SWA,910.0,406.0,-1
LOVING WATER SYSTEM,310.0,176.0,-1
LOVING WATER SYSTEM,307.0,177.0,-1
ECHO VALLEY WATER COMPANY,115.0,60.0,-1
ECHO VALLEY WATER COMPANY,115.0,50.0,-1
COUNTRY MOBILE MANOR,360.0,12.0,-1
COUNTRY MOBILE MANOR,340.0,12.0,-1
CEDAR CREEK WATER COOPERATIVE INC,446.0,220.0,-1
CEDAR CREEK WATER COOPERATIVE INC,660.0,400.0,-1
EL RITO CANYON MDWCA,206.0,22.0,-1
SAN ANTONIO CAMPGROUND USFS SANTA FE,150.0,38.0,-1
BARRANCO MDWCA,185.0,56.0,-1
ALAMEDA ACRES MHP,430.0,80.0,-1
CHUPADERO MDWCA,65.0,40.0,-1
CHUPADERO MDWCA,150.0,40.0,-1
LEISURE ESTATES HOMEOWNERS ASSOCIATION,140.0,30.0,-1
JACKS CREEK CAMPGROUND USFS SNF,216.0,35.5,-1
VELARDE MDWCA,350.0,74.0,-1
VELARDE MDWCA,115.0,74.0,-1
MORA MDWCA,180.0,20.0,-1
MORA MDWCA,250.0,25.0,-1
MORA MDWCA,251.0,25.0,-1
THREE RIVERS PETROGLYPH SITE,120.0,40.0,-1
WHITE SANDS MID RANGE FACILITIES- FF,750.0,272.0,-1
WHITE SANDS MID RANGE FACILITIES- FF,475.0,305.0,-1
"LA MESA VILLA MOBILE HOME PARK, LLC",232.0,40.0,-1
SONTERA ACRES MOBILE MANOR,235.0,18.0,-1
ROSWELL CORRECTIONAL CENTER,500.0,165.0,-1
BPOE ELKS LODGE,150.0,100.0,-1
SOUTH HOLMAN MDWCA,100.0,60.0,-1
HOMESTEAD MOBILE HOME COMMUNITY,255.0,38.0,-1
RIO GRANDE GORGE VISITOR CENTER (BLM),75.0,41.0,-1
CANADA DE LOS ALAMOS MDWCA,20.0,18.0,-1
STALLION RANGE CENTER,800.0,350.0,-1
STALLION RANGE CENTER,818.0,211.0,-1
LAS CRUCES MUNICIPAL WATER SYSTEM,605.0,50.0,-1
LAS CRUCES MUNICIPAL WATER SYSTEM,625.0,15.0,-1
LAS CRUCES MUNICIPAL WATER SYSTEM,576.0,205.0,-1
LAS CRUCES MUNICIPAL WATER SYSTEM,730.0,227.0,-1
LAS CRUCES MUNICIPAL WATER SYSTEM,600.0,140.0,-1
LAS CRUCES MUNICIPAL WATER SYSTEM,751.0,230.0,-1
LAS CRUCES MUNICIPAL WATER SYSTEM,1070.0,205.0,-1
LAS CRUCES MUNICIPAL WATER SYSTEM,620.0,230.0,-1
LAS CRUCES MUNICIPAL WATER SYSTEM,980.0,410.0,-1
LAS CRUCES MUNICIPAL WATER SYSTEM,696.0,35.0,-1
LAS CRUCES MUNICIPAL WATER SYSTEM,640.0,250.0,-1
LAS CRUCES MUNICIPAL WATER SYSTEM,765.0,24.0,-1
LAS CRUCES MUNICIPAL WATER SYSTEM,1145.0,495.0,-1
LAS CRUCES MUNICIPAL WATER SYSTEM,1175.0,467.0,-1
LAS CRUCES MUNICIPAL WATER SYSTEM,1195.0,310.0,-1
LAS CRUCES MUNICIPAL WATER SYSTEM,1300.0,320.0,-1
LAS CRUCES MUNICIPAL WATER SYSTEM,1290.0,325.0,-1
LAS CRUCES MUNICIPAL WATER SYSTEM,648.0,34.0,-1
LAS CRUCES MUNICIPAL WATER SYSTEM,683.0,45.0,-1
BOWLINS BLUEWATER DAIRY QUEEN STORE,530.0,80.0,-1
BOWLINS BLUEWATER DAIRY QUEEN STORE,550.0,80.0,-1
FIELD TRACT CAMPGROUND USFS SNF,216.0,35.5,-1
ROSWELL LANDFILL WATER SYSTEM,350.0,140.0,-1
HONDO VALLEY SCHOOL,122.0,65.0,-1
SHALOM MOBILE HOME PARK,420.0,305.0,-1
EL GANCHO,360.0,60.0,-1
EL GANCHO,150.0,88.0,-1
EL GANCHO,497.0,86.0,-1
SIERRA,320.0,220.0,-1
MOSQUERO WATER SYSTEM,225.0,123.0,-1
MOSQUERO WATER SYSTEM,228.0,123.0,-1
MOSQUERO WATER SYSTEM,221.0,126.0,-1
MOSQUERO WATER SYSTEM,225.0,126.0,-1
TWIN FORKS MDWCA,425.0,325.0,-1
TWIN FORKS MDWCA,400.0,270.0,-1
TECOLOTITO MDWCA,295.0,190.0,-1
PHILMONT SCOUT RANCH - DAN BEARD OUTCAMP,79.0,58.0,-1
PETE RAGAN MEMORIAL WUA,330.0,45.0,-1
PETE RAGAN MEMORIAL WUA,480.0,30.0,-1
LA UNION MDS & WA,620.0,320.0,-1
RED RIVER WATER SYSTEM,98.0,12.0,-1
RED RIVER WATER SYSTEM,100.0,17.5,-1
RED RIVER WATER SYSTEM,68.0,18.5,-1
RED RIVER WATER SYSTEM,100.0,12.0,-1
RED RIVER WATER SYSTEM,85.0,7.0,-1
GABRIELS,300.0,57.0,-1
DEXTER MUNICIPAL WATER SYSTEM,937.0,200.0,-1
DEXTER MUNICIPAL WATER SYSTEM,981.0,7.0,-1
CLAYTON LAKE STATE PARK,160.0,100.0,-1
SANTA FE WALDORF SCHOOL,240.0,100.0,-1
SANTA FE WALDORF SCHOOL,600.0,111.0,-1
PENDARIES MDWCA,140.0,32.0,-1
PENDARIES MDWCA,290.0,26.0,-1
PENDARIES MDWCA,250.0,113.0,-1
PENDARIES MDWCA,250.0,30.0,-1
ALPINE VILLAGE W AND SD,500.0,135.0,-1
RODARTE MDWCA,140.0,29.0,-1
DES MOINES WATER SYSTEM,223.0,149.0,-1
DES MOINES WATER SYSTEM,223.0,105.0,-1
CAMP ELLIOTT BARKER,90.0,21.0,-1
ST JOHNS MHP,168.0,14.0,-1
ST JOHNS MHP,210.0,14.0,-1
EAGLE CREEK SPORTS COMPLEX,540.0,34.0,-1
NEW MEXICO STATE UNIVERSITY,775.0,71.0,-1
NEW MEXICO STATE UNIVERSITY,668.0,41.0,-1
NEW MEXICO STATE UNIVERSITY,900.0,52.0,-1
HOUSE WATER SYSTEM,107.0,60.0,-1
MONARCHY COUNTRY ESTATES,150.0,56.0,-1
RIO ARRIBA COUNTY VELARDE TREATMENT FAC.,50.0,10.0,-1
VENTURA ESTATES HOA,857.0,693.0,-1
VENTURA ESTATES HOA,865.0,669.0,-1
RODEO MDW & MSWA,200.0,100.0,-1
SANTA FE OPERA GROUND,720.0,180.0,-1
SANTA FE OPERA GROUND,338.0,250.0,-1
SANTA FE OPERA GROUND,916.0,149.0,-1
NORTH CLEVELAND MDWCA,188.0,96.9,-1
CHRISTUS ST. VINCENT MEDICAL CENTER,742.0,260.0,-1
CUBERO ELEMENTARY SCHOOL,300.0,182.0,-1
GALLUP WATER SYSTEM,2100.0,560.0,-1
GALLUP WATER SYSTEM,2134.0,830.0,-1
GALLUP WATER SYSTEM,3310.0,574.0,-1
GALLUP WATER SYSTEM,3200.0,796.0,-1
GALLUP WATER SYSTEM,2109.0,698.0,-1
GALLUP WATER SYSTEM,2400.0,492.0,-1
GALLUP WATER SYSTEM,2400.0,480.0,-1
GALLUP WATER SYSTEM,1620.0,873.0,-1
GALLUP WATER SYSTEM,1860.0,1182.0,-1
GALLUP WATER SYSTEM,2232.0,889.0,-1
GALLUP WATER SYSTEM,3511.0,878.0,-1
GALLUP WATER SYSTEM,2104.0,714.0,-1
GALLUP WATER SYSTEM,2320.0,583.0,-1
AMERICAN GYPSUM COMPANY (BERNALILLO PLAN,580.0,51.0,-1
RIO CHIQUITO MDWCA,220.0,140.0,-1
VILLANUEVA MDWCA,300.0,110.0,-1
BMG TRAILER PARK,138.0,80.0,-1
CAMP THUNDERBIRD,130.0,12.0,-1
STAHMANNS COUNTRY STORE,303.0,14.0,-1
CARRIZOZO WATER SYSTEM,240.0,70.0,-1
CARRIZOZO WATER SYSTEM,260.0,71.0,-1
CARRIZOZO WATER SYSTEM,90.0,35.0,-1
EL CORUCO MDWCA,180.0,100.0,-1
WESTERN REFINERY SPEEDWAY #8924-PERALTA,211.0,200.0,-1
PHILMONT BOY SCOUT RANCH - HEADQUARTERS,645.0,46.0,-1
PHILMONT BOY SCOUT RANCH - HEADQUARTERS,1300.0,300.0,-1
PHILMONT BOY SCOUT RANCH - HEADQUARTERS,105.0,22.0,-1
FOREST PARK PROPERTY OWNERS COOP,128.0,64.0,-1
FOREST PARK PROPERTY OWNERS COOP,165.0,102.0,-1
FOREST PARK PROPERTY OWNERS COOP,310.0,236.0,-1
PHILMONT SCOUT RANCH - FISH CAMP OUTCAMP,60.0,4.0,-1
RUIDOSO WATER SYSTEM,375.0,135.0,-1
RUIDOSO WATER SYSTEM,785.0,142.0,-1
RUIDOSO WATER SYSTEM,796.0,533.0,-1
RUIDOSO WATER SYSTEM,1000.0,450.0,-1
RUIDOSO WATER SYSTEM,254.0,87.0,-1
RUIDOSO WATER SYSTEM,510.0,86.0,-1
RUIDOSO WATER SYSTEM,2035.0,23.0,-1
RUIDOSO WATER SYSTEM,695.0,21.0,-1
RUIDOSO WATER SYSTEM,1200.0,35.0,-1
RUIDOSO WATER SYSTEM,540.0,30.0,-1
RUIDOSO WATER SYSTEM,535.0,20.0,-1
RUIDOSO WATER SYSTEM,500.0,53.0,-1
WESTERN REFINERY SPEEDWAY #9117,653.0,350.0,-1
CHAMISA MOBILE HOME PARK,290.0,30.0,-1
LAMY MUTUAL DOMESTIC WATER ASSOCIATION,101.0,50.6,-1
RESERVE WATER WORKS,163.0,30.0,-1
SOUTH HILLS WATER COMPANY,246.0,68.0,-1
SOUTH HILLS WATER COMPANY,350.0,54.0,-1
MORWEST CORPORATION,293.0,226.0,-1
MORWEST CORPORATION,251.0,212.0,-1
MORWEST CORPORATION,282.0,215.0,-1
MORWEST CORPORATION,299.0,232.0,-1
MORWEST CORPORATION,305.0,230.0,-1
NASAJSC WHITE SANDS TEST FACILITY- FF,1010.0,317.0,-1
MOSAIC POTASH CARLSBAD INC,257.0,183.0,-1
MOSAIC POTASH CARLSBAD INC,240.0,188.0,-1
MOSAIC POTASH CARLSBAD INC,246.0,193.0,-1
MOSAIC POTASH CARLSBAD INC,242.0,193.0,-1
MOSAIC POTASH CARLSBAD INC,244.0,192.0,-1
MOSAIC POTASH CARLSBAD INC,245.0,188.0,-1
MOSAIC POTASH CARLSBAD INC,240.0,207.0,-1
MOSAIC POTASH CARLSBAD INC,257.0,195.0,-1
MOSAIC POTASH CARLSBAD INC,237.0,148.0,-1
CANON MDWCA,155.0,27.0,-1
CANON MDWCA,155.0,27.0,-1
ABO RUINS SALINAS PUEBLO MISSIONS,210.0,20.0,-1
CARLOS LUCERO SUBDIVISION,121.0,75.0,-1
VALDEZ MDWCA,100.0,46.0,-1
ALCALDE MDWCA,320.0,102.0,-1
ALCALDE MDWCA,380.0,60.0,-1
HONDO VALLEY ZIA CENTER,120.0,70.0,-1
TRAILS END MHP,130.0,6.5,-1
PHILMONT SCOUT RANCH-CITO HUNTING LODGE,535.0,12.0,-1
PHILMONT SCOUT RANCH - ABREU OUTCAMP,420.0,5.0,-1
MAXWELL WATER SYSTEM,40.0,28.0,-1
MAXWELL WATER SYSTEM,40.0,27.0,-1
MAXWELL WATER SYSTEM,40.0,20.0,-1
MAXWELL WATER SYSTEM,44.0,20.0,-1
MAXWELL WATER SYSTEM,48.0,21.0,-1
MAXWELL WATER SYSTEM,52.0,31.0,-1
WHISKEY CREEK PROPERTIES,100.0,36.0,-1
WHISKEY CREEK PROPERTIES,97.0,36.0,-1
PLACITAS TRAILS WATER COOP,580.0,398.0,-1
PLACITAS TRAILS WATER COOP,760.0,357.0,-1
ARDOVINOS DESERT CROSSING,120.0,72.0,-1
ARROYO SECO MDWCA,204.0,7.0,-1
ARROYO SECO MDWCA,200.0,5.0,-1
VILLAGE OF EAGLE NEST,300.0,56.0,-1
VILLAGE OF EAGLE NEST,295.0,55.0,-1
TALL PINES WATER ASSOCIATION,608.0,100.0,-1
TALL PINES WATER ASSOCIATION,593.0,100.0,-1
PHILMONT SCOUT RANCH - MIRANDA OUTCAMP,60.0,15.0,-1
ENCHANTED MOBILE HOME PARK,130.0,55.0,-1
ENCHANTED MOBILE HOME PARK,135.0,80.0,-1
CORRALES MULTI-PURPOSE RECREATIONAL CNT,280.0,27.0,-1
EL MALPAIS RANGER STATION (BLM),365.0,287.0,-1
BURRO MOUNTAIN HOMESTEAD,245.0,6.0,-1
BURRO MOUNTAIN HOMESTEAD,446.0,14.0,-1
BURRO MOUNTAIN HOMESTEAD,405.0,52.0,-1
ELDORADO AREA WATER AND SANITATION DIST.,400.0,165.0,-1
ELDORADO AREA WATER AND SANITATION DIST.,400.0,190.0,-1
ELDORADO AREA WATER AND SANITATION DIST.,350.0,150.0,-1
ELDORADO AREA WATER AND SANITATION DIST.,270.0,188.0,-1
ELDORADO AREA WATER AND SANITATION DIST.,312.0,39.0,-1
ELDORADO AREA WATER AND SANITATION DIST.,130.0,32.0,-1
ELDORADO AREA WATER AND SANITATION DIST.,290.0,160.0,-1
LINCOLN MDWCA,171.0,70.0,-1
LINCOLN MDWCA,140.0,65.0,-1
PHILMONT SCOUT RANCH - CIMARRONCITO OC,250.0,155.0,-1
MOONGATE WEST,573.0,361.0,-1
MOONGATE WEST,625.0,375.0,-1
MOONGATE WEST,600.0,165.0,-1
MOONGATE WEST,900.0,375.0,-1
